id,time_observed_at,user_id,created_at,quality_grade,license,url,tag_list,description,latitude,longitude,scientific_name,common_name,iconic_taxon_name
87222,,1178,2012-06-04 14:15:57 UTC,research,CC-BY,http://www.inaturalist.org/observations/87222,"","",-34.1866718618,-53.7563180923,Procyon cancrivorus,Mano pelada,Mammalia
1266639,2011-01-10 12:52:33 UTC,1178,2015-03-02 17:25:37 UTC,research,CC-BY,http://www.inaturalist.org/observations/1266639,"","",-34.182589,-53.752885,Cerdocyon thous,Zorro De Monte,Mammalia
6970136,2017-07-08 09:49:38 UTC,477998,2017-07-08 19:43:56 UTC,research,CC-BY-NC,https://www.inaturalist.org/observations/6970136,"",,-32.37997905,-53.92697861,Didelphis albiventris,Comadreja overa,Mammalia
6970137,2017-07-08 11:22:24 UTC,477998,2017-07-08 19:44:01 UTC,research,CC-BY-NC,https://www.inaturalist.org/observations/6970137,"",,-32.37826382,-54.00389455,Cerdocyon thous,Zorro De Monte,Mammalia
6970138,2017-07-08 11:29:39 UTC,477998,2017-07-08 19:44:03 UTC,research,CC-BY-NC,https://www.inaturalist.org/observations/6970138,"",,-32.38082107,-54.01652109,Lycalopex gymnocercus,Zorro Gris,Mammalia
7036602,2017-07-11 10:29:07 UTC,477998,2017-07-13 15:04:37 UTC,research,CC-BY-NC,https://www.inaturalist.org/observations/7036602,"",,-32.56051339,-54.57835282,Conepatus chinga,Zorrino,Mammalia
7036604,2017-07-11 10:34:16 UTC,477998,2017-07-13 15:04:41 UTC,research,CC-BY-NC,https://www.inaturalist.org/observations/7036604,"",,-32.57085939,-54.58295678,Lycalopex gymnocercus,Zorro Gris,Mammalia
7036618,2017-07-12 09:12:01 UTC,477998,2017-07-13 15:05:08 UTC,research,CC-BY-NC,https://www.inaturalist.org/observations/7036618,"",,-32.88746866,-54.88225339,Cerdocyon thous,Zorro De Monte,Mammalia
7253680,2017-07-14 09:50:49 UTC,477998,2017-07-28 22:58:23 UTC,research,CC-BY-NC,https://www.inaturalist.org/observations/7253680,"",,-33.10663975,-55.38830267,Conepatus chinga,Zorrino,Mammalia
7253681,2017-07-14 12:17:36 UTC,477998,2017-07-28 22:58:24 UTC,research,CC-BY-NC,https://www.inaturalist.org/observations/7253681,"",,-33.1185303,-55.5745283,Conepatus chinga,Zorrino,Mammalia
7253682,2017-07-15 07:45:00 UTC,477998,2017-07-28 22:58:25 UTC,research,CC-BY-NC,https://www.inaturalist.org/observations/7253682,"",,-33.28268062,-56.10787207,Conepatus chinga,Zorrino,Mammalia
7253683,2017-07-15 08:04:48 UTC,477998,2017-07-28 22:58:26 UTC,research,CC-BY-NC,https://www.inaturalist.org/observations/7253683,"",,-33.3044841,-56.16382869,Lycalopex gymnocercus,Zorro Gris,Mammalia
7253685,2017-07-15 08:21:49 UTC,477998,2017-07-28 22:58:30 UTC,research,CC-BY-NC,https://www.inaturalist.org/observations/7253685,"",,-33.30718358,-56.20851461,Procyon cancrivorus,Mano pelada,Mammalia
7253686,2017-07-15 08:27:43 UTC,477998,2017-07-28 22:58:31 UTC,research,CC-BY-NC,https://www.inaturalist.org/observations/7253686,"",,-33.30896779,-56.22036774,Conepatus chinga,Zorrino,Mammalia
7253687,2017-07-15 09:21:54 UTC,477998,2017-07-28 22:58:33 UTC,research,CC-BY-NC,https://www.inaturalist.org/observations/7253687,"",,-33.30060065,-56.34503548,Conepatus chinga,Zorrino,Mammalia
7253689,2017-07-18 12:22:35 UTC,477998,2017-07-28 22:58:35 UTC,research,CC-BY-NC,https://www.inaturalist.org/observations/7253689,"",,-34.0341177,-57.36615078,Procyon cancrivorus,Mano pelada,Mammalia
36570841,2019-12-08 23:14:53 UTC,2439287,2019-12-11 22:14:34 UTC,research,CC-BY-NC-SA,https://www.inaturalist.org/observations/36570841,"","",-34.7613677979,-54.5437965393,Dasypus novemcinctus,Tatú,Mammalia
36685506,2019-12-14 18:55:46 UTC,2439287,2019-12-15 22:58:35 UTC,research,CC-BY-NC-SA,https://www.inaturalist.org/observations/36685506,"",Atropellada,-34.8043991564,-54.582766369,Philodryas aestiva,Culebra Verde,Reptilia
36732048,2016-07-20 19:20:00 UTC,2492337,2019-12-17 18:03:35 UTC,research,,https://www.inaturalist.org/observations/36732048,"","",-32.7215562355,-53.2887977746,Poospiza nigrorufa,Sietevestidos,Aves
36751923,2019-11-09 14:34:00 UTC,1384163,2019-12-18 14:29:01 UTC,research,CC-BY-NC,https://www.inaturalist.org/observations/36751923,"","",-34.5731785744,-56.714098795,Philodryas patagoniensis,Culebra del Pastizal,Reptilia
36774218,2019-12-19 11:45:27 UTC,2398513,2019-12-19 11:45:49 UTC,research,CC0,https://www.inaturalist.org/observations/36774218,"",,-32.6637589366,-58.134249828,Rhinella diptycha,Cururú,Amphibia
36862537,2018-05-23 15:47:00 UTC,2439287,2019-12-22 20:34:19 UTC,research,CC-BY-NC-SA,https://www.inaturalist.org/observations/36862537,Atropellado,,-34.8110292514,-54.5939578583,Procyon cancrivorus,Mano pelada,Mammalia
37394827,2020-01-07 15:14:17 UTC,2439287,2020-01-08 10:38:57 UTC,research,CC-BY-NC-SA,https://www.inaturalist.org/observations/37394827,Atropellado,Atropellado,-34.8102035522,-54.592880249,Lycalopex gymnocercus,Zorro Gris,Mammalia
37394893,2020-01-06 21:18:40 UTC,2439287,2020-01-08 10:41:23 UTC,research,CC-BY-NC-SA,https://www.inaturalist.org/observations/37394893,"Exotica, Atropellado",Atropellado,-34.7921180725,-54.5484199524,Lepus europaeus,Liebre europea,Mammalia
37394910,2020-01-03 22:20:45 UTC,2439287,2020-01-08 10:44:22 UTC,research,CC-BY-NC-SA,https://www.inaturalist.org/observations/37394910,"",Atropellado,-34.791103363,-54.5820884705,Philodryas patagoniensis,Culebra del Pastizal,Reptilia
38035009,2020-01-24 16:57:00 UTC,2439287,2020-01-27 20:01:48 UTC,research,CC-BY-NC-SA,https://www.inaturalist.org/observations/38035009,Atropellado,"",-34.7760973435,-54.5142382756,Lycalopex gymnocercus,Zorro Gris,Mammalia
38294531,2020-02-03 04:57:00 UTC,2439287,2020-02-04 14:36:50 UTC,research,CC-BY-NC-SA,https://www.inaturalist.org/observations/38294531,"",,-34.7711261012,-54.5473937318,Lycalopex gymnocercus,Zorro Gris,Mammalia
38666959,2020-02-15 13:20:28 UTC,2439287,2020-02-15 13:21:26 UTC,research,CC-BY-NC-SA,https://www.inaturalist.org/observations/38666959,"",,-34.76589391,-54.50236172,Conepatus chinga,Zorrino,Mammalia
39215093,2020-02-25 18:56:05 UTC,2439287,2020-02-25 19:21:35 UTC,research,CC-BY-NC-SA,https://www.inaturalist.org/observations/39215093,Atropellado,"",-34.808233129,-54.5894098654,Procyon cancrivorus,Mano pelada,Mammalia
39350552,2020-01-30 16:45:16 UTC,2513727,2020-02-29 13:04:20 UTC,research,CC-BY-NC,https://www.inaturalist.org/observations/39350552,"",Posiblemente atropellada,-33.2737644444,-55.0915045583,Erythrolamprus poecilogyrus,Culebra verde y amarilla,Reptilia
40620276,,2595924,2020-03-24 02:48:30 UTC,research,CC-BY-NC,https://www.inaturalist.org/observations/40620276,"","",-30.5486220092,-56.3193945294,Dasypus novemcinctus,Tatú,Mammalia
42102710,2020-01-01 12:53:49 UTC,2437064,2020-04-13 17:42:04 UTC,research,,https://www.inaturalist.org/observations/42102710,"",,-34.4970291108,-54.0506965667,Procyon cancrivorus,Mano pelada,Mammalia
45585992,2020-05-11 13:24:28 UTC,2439287,2020-05-11 13:26:33 UTC,research,CC-BY-NC-SA,https://www.inaturalist.org/observations/45585992,Atropellado,Atropellado,-34.78190763,-54.52651999,Lycalopex gymnocercus,Zorro Gris,Mammalia
45628628,2012-09-25 11:24:00 UTC,2513727,2020-05-11 21:45:57 UTC,research,CC-BY-NC,https://www.inaturalist.org/observations/45628628,"",atropellado a 2km de uno atropellado bayo,-34.3729439,-57.479236,Leopardus geoffroyi,Gato Montés,Mammalia
45628630,2012-09-25 11:10:00 UTC,2513727,2020-05-11 21:45:58 UTC,research,CC-BY-NC,https://www.inaturalist.org/observations/45628630,"",atropellado a 2km de uno atropellado melanico,-34.3708215952,-57.4675603442,Leopardus geoffroyi,Gato Montés,Mammalia
47676020,2020-05-18 14:18:00 UTC,2467035,2020-05-28 23:13:49 UTC,research,CC0,https://www.inaturalist.org/observations/47676020,"",,-34.1979127052,-53.8617543876,Lycalopex gymnocercus,Zorro Gris,Mammalia
47724334,2020-05-29 04:17:56 UTC,2633413,2020-05-29 12:37:53 UTC,research,CC-BY-NC,https://www.inaturalist.org/observations/47724334,"",,-34.9164774722,-54.9718406944,Didelphis albiventris,Comadreja overa,Mammalia
49705395,,2439287,2020-06-15 11:36:46 UTC,research,CC-BY-NC-SA,https://www.inaturalist.org/observations/49705395,"",Atropellada,-34.76131,-54.543857,Dryophylax hypoconia,Culebra Ojo de Gato,Reptilia
52261658,,1438508,2020-07-07 14:50:31 UTC,research,CC0,https://www.inaturalist.org/observations/52261658,"",,-34.8555901466,-55.1650035381,Cerdocyon thous,Zorro De Monte,Mammalia
52706489,2020-07-11 18:11:27 UTC,2595924,2020-07-11 18:12:25 UTC,research,CC-BY-NC,https://www.inaturalist.org/observations/52706489,"",,-34.9172687,-54.9752814,Didelphis albiventris,Comadreja overa,Mammalia
56442521,2020-08-14 19:06:27 UTC,3044948,2020-08-14 19:08:13 UTC,research,,https://www.inaturalist.org/observations/56442521,"",,-33.2274788598,-54.3511485681,Didelphis albiventris,Comadreja overa,Mammalia
56770392,2020-08-17 18:07:00 UTC,2467035,2020-08-17 19:15:43 UTC,research,CC0,https://www.inaturalist.org/observations/56770392,"","",-34.8326608885,-54.6439520832,Cerdocyon thous,Zorro De Monte,Mammalia
57873577,2020-08-28 22:01:31 UTC,1414687,2020-08-28 23:00:59 UTC,research,CC-BY-NC,https://www.inaturalist.org/observations/57873577,"","Estaba atropellada sobre la calle con 7 crías al rededor, de las cuales 2 estaban en el canal de parto.",-34.91362024,-54.9699445875,Didelphis albiventris,Comadreja overa,Mammalia
58084031,2020-08-30 21:21:00 UTC,2633413,2020-08-30 21:41:24 UTC,research,CC-BY-NC,https://www.inaturalist.org/observations/58084031,"",,-31.9719865335,-57.8512433793,Leopardus geoffroyi,Gato Montés,Mammalia
59128602,2020-09-10 13:22:28 UTC,2439287,2020-09-10 14:34:47 UTC,research,CC-BY-NC-SA,https://www.inaturalist.org/observations/59128602,"",,-34.766097,-54.5376759722,Hydrochoerus hydrochaeris,Carpincho,Mammalia
59160343,2020-08-29 14:53:00 UTC,2439287,2020-09-10 20:28:15 UTC,research,CC-BY-NC-SA,https://www.inaturalist.org/observations/59160343,"",,-34.75359,-54.4904709722,Hydrochoerus hydrochaeris,Carpincho,Mammalia
59160345,2020-08-29 15:00:00 UTC,2439287,2020-09-10 20:28:15 UTC,research,CC-BY-NC-SA,https://www.inaturalist.org/observations/59160345,"",,-34.7547339722,-54.4914089722,Cerdocyon thous,Zorro De Monte,Mammalia
60545065,2020-09-23 19:49:04 UTC,2464690,2020-09-23 19:56:18 UTC,research,,https://www.inaturalist.org/observations/60545065,"",atropellado,-34.7199517395,-55.3774610627,Procyon cancrivorus,Mano pelada,Mammalia
62309392,2020-10-11 16:15:46 UTC,2398513,2020-10-11 16:16:26 UTC,research,CC0,https://www.inaturalist.org/observations/62309392,"",,-33.0956366685,-57.2108371052,Procyon cancrivorus,Mano pelada,Mammalia
62455426,2020-10-11 16:03:31 UTC,11503,2020-10-13 02:37:01 UTC,research,CC-BY,https://www.inaturalist.org/observations/62455426,"",,-32.9861910833,-57.3322874167,Procyon cancrivorus,Mano pelada,Mammalia
63572779,2020-10-26 14:18:45 UTC,2724815,2020-10-26 15:36:12 UTC,research,CC-BY-NC,https://www.inaturalist.org/observations/63572779,"",,-34.8206667795,-55.2476450801,Conepatus chinga,Zorrino,Mammalia
65370781,2018-08-01 15:52:14 UTC,2513727,2020-11-22 00:48:48 UTC,research,CC-BY-NC,https://www.inaturalist.org/observations/65370781,"",Muerto en camino,-31.1704273056,-57.7488593889,Leopardus geoffroyi,Gato Montés,Mammalia
65371532,2019-05-24 13:01:45 UTC,2513727,2020-11-22 01:00:37 UTC,needs_id,CC-BY-NC,https://www.inaturalist.org/observations/65371532,"",Muerto en camino,-32.2291666667,-56.225,Muroidea,,Mammalia
65657033,2020-11-26 14:33:36 UTC,2439287,2020-11-26 21:15:06 UTC,research,CC-BY-NC-SA,https://www.inaturalist.org/observations/65657033,Atropellado,"",-34.8371309722,-54.6522569722,Felis catus,Gato Doméstico,Mammalia
66931354,2020-11-23 00:26:03 UTC,2537580,2020-12-22 20:05:56 UTC,research,CC-BY-NC,https://www.inaturalist.org/observations/66931354,"",Encontrado sobre la ruta 39 cerca de la entrada de Aiguá.,-34.23572366,-54.7684942558,Myocastor coypus,Nutria,Mammalia
67207476,2020-12-27 18:52:32 UTC,2537580,2020-12-28 19:46:06 UTC,research,CC-BY-NC,https://www.inaturalist.org/observations/67207476,"","Entre 50 y 55 cm.
Encontrada sobre camino de acceso a Valizas.",-34.3311235286,-53.8128151372,Lygophis anomalus,Culebra de líneas amarillas,Reptilia
67966868,2021-01-12 18:44:08 UTC,2710931,2021-01-12 18:50:37 UTC,needs_id,,https://www.inaturalist.org/observations/67966868,"",,-34.8793563611,-55.1940536389,Dipsadinae,,Reptilia
69743027,2021-02-15 12:03:19 UTC,2439287,2021-02-18 00:05:21 UTC,research,CC-BY-NC-SA,https://www.inaturalist.org/observations/69743027,atropellado,,-34.8082539722,-54.589575,Conepatus chinga,Zorrino,Mammalia
73024935,2021-04-05 16:59:40 UTC,2439287,2021-04-05 17:02:31 UTC,research,CC-BY-NC-SA,https://www.inaturalist.org/observations/73024935,"",Atropellada,-34.7977835032,-54.5602951571,Philodryas patagoniensis,Culebra del Pastizal,Reptilia
73459805,2021-04-03 15:17:00 UTC,4145552,2021-04-10 03:57:10 UTC,research,CC-BY-NC,https://www.inaturalist.org/observations/73459805,"","",-34.5423660278,-54.6735038611,Euphractus sexcinctus,Tatú peludo,Mammalia
83838015,2021-06-20 17:21:45 UTC,2513727,2021-06-20 20:13:03 UTC,research,CC-BY-NC,https://www.inaturalist.org/observations/83838015,"",,-34.5965478,-55.5986362,Rupornis magnirostris,Gavilán común,Aves
85100165,2021-06-30 15:58:45 UTC,2633413,2021-06-30 16:00:51 UTC,research,CC-BY-NC,https://www.inaturalist.org/observations/85100165,"",,-34.9085689722,-54.9669928889,Didelphis albiventris,Comadreja overa,Mammalia
85650977,,4033819,2021-07-04 18:00:44 UTC,casual,,https://www.inaturalist.org/observations/85650977,"",,-30.9993048943,-56.8704710528,Didelphis albiventris,Comadreja overa,Mammalia
90936010,2021-08-12 18:08:00 UTC,2467035,2021-08-12 22:06:04 UTC,research,CC0,https://www.inaturalist.org/observations/90936010,"",atropellada,-34.8262855128,-54.6515812263,Aramides ypecaha,Gallineta grande,Aves
94575320,2020-12-09 22:04:00 UTC,2467035,2021-09-12 14:30:50 UTC,research,CC0,https://www.inaturalist.org/observations/94575320,"","grande: hembra, pequeños: crias",-34.538491,-54.376261,Procyon cancrivorus,Mano pelada,Mammalia
96349090,2021-09-27 10:22:43 UTC,1438508,2021-09-27 10:34:50 UTC,research,CC0,https://www.inaturalist.org/observations/96349090,"",Atropellado en ruta ,-34.715516495,-55.3443327241,Leopardus wiedii,Margay,Mammalia
98763753,2021-10-19 21:02:31 UTC,5068710,2021-10-20 03:45:34 UTC,research,CC-BY-NC,https://www.inaturalist.org/observations/98763753,"",Atropellado en la ruta,-34.7654249563,-55.1560030505,Mazama gouazoubira,Guazubirá,Mammalia
99240748,2021-10-24 13:38:58 UTC,4033819,2021-10-24 17:53:29 UTC,research,,https://www.inaturalist.org/observations/99240748,"",,-30.4067321848,-56.4775938168,Tachymenis ocellata,,Reptilia
99412684,2021-10-25 00:40:00 UTC,2595924,2021-10-26 01:32:19 UTC,research,CC-BY-NC,https://www.inaturalist.org/observations/99412684,"","",-34.9125146665,-54.9780915876,Didelphis albiventris,Comadreja overa,Mammalia
99867720,2021-10-30 12:02:00 UTC,2758570,2021-10-31 12:06:04 UTC,research,,https://www.inaturalist.org/observations/99867720,"","Hembra preñada, muerta por vehículo en la cabecera del puente.",-32.5315361652,-58.0227846285,Leopardus geoffroyi,Gato Montés,Mammalia
100495715,2021-11-07 13:30:24 UTC,4033819,2021-11-07 14:59:49 UTC,research,,https://www.inaturalist.org/observations/100495715,"",,-30.9993048943,-56.8704710528,Erythrolamprus poecilogyrus,Culebra verde y amarilla,Reptilia
100850550,2021-11-11 13:43:10 UTC,1438508,2021-11-11 13:45:26 UTC,research,CC0,https://www.inaturalist.org/observations/100850550,"",,-34.9165057673,-54.9042475596,Cerdocyon thous,Zorro De Monte,Mammalia
102089024,2021-11-23 18:00:21 UTC,1469479,2021-11-28 16:14:17 UTC,research,CC-BY-NC,https://www.inaturalist.org/observations/102089024,"","Español: Encontrado muerto por colisión

English: Found death by collision",-34.9057204159,-56.1903443187,Tadarida brasiliensis,Murciélago Cola Suelta Mexicano,Mammalia
102722805,2021-12-08 18:06:33 UTC,1438508,2021-12-08 18:07:11 UTC,research,CC0,https://www.inaturalist.org/observations/102722805,"",Atropellada en ruta 7 Centurión,-32.14529752,-53.78738328,Phalotris lemniscatus,,Reptilia
103415434,2021-12-21 12:36:09 UTC,4033819,2021-12-21 13:45:38 UTC,research,,https://www.inaturalist.org/observations/103415434,"",,-30.9993048943,-56.8704710528,Tachymenis ocellata,,Reptilia
103528431,2021-12-23 12:02:43 UTC,4033819,2021-12-23 15:26:37 UTC,research,,https://www.inaturalist.org/observations/103528431,"",,-30.9993048943,-56.8704710528,Oxyrhopus rhombifer rhombifer,,Reptilia
103756844,2021-04-18 16:49:00 UTC,1661153,2021-12-27 15:55:19 UTC,research,CC-BY-NC,https://www.inaturalist.org/observations/103756844,"",Ejemplar atropellado momentos previos al registro,-34.5214271414,-55.3252709011,Dasypus novemcinctus,Tatú,Mammalia
104350263,2022-01-04 16:14:20 UTC,3236913,2022-01-04 16:25:10 UTC,research,,https://www.inaturalist.org/observations/104350263,"",,-34.0307463713,-53.5432457551,Bothrops alternatus,Crucera,Reptilia
104585155,2022-01-08 13:24:10 UTC,3322591,2022-01-08 17:39:59 UTC,research,CC-BY,https://www.inaturalist.org/observations/104585155,"",,-34.3317565917,-53.9675788878,Euphractus sexcinctus,Tatú peludo,Mammalia
104615003,2022-01-08 21:35:42 UTC,4033819,2022-01-09 02:06:07 UTC,research,,https://www.inaturalist.org/observations/104615003,"",,-30.9993048943,-56.8704710528,Nothura maculosa,Perdiz,Aves
104867530,2022-01-13 14:39:34 UTC,1467469,2022-01-13 15:38:41 UTC,research,CC-BY-NC,https://www.inaturalist.org/observations/104867530,"","",-32.6374966667,-58.1076805,Euphractus sexcinctus,Tatú peludo,Mammalia
104980204,2022-01-11 21:58:03 UTC,4033819,2022-01-15 17:49:08 UTC,research,,https://www.inaturalist.org/observations/104980204,"","Atropellado en la ruta 4, cerca del Arapey Chico, Artigas",-31.0391109925,-56.9898605347,Salvator merianae,Lagarto Overo,Reptilia
105212628,2022-01-19 12:08:49 UTC,4033819,2022-01-19 15:29:53 UTC,research,CC-BY,https://www.inaturalist.org/observations/105212628,"",,-30.9993048943,-56.8704710528,Lygophis anomalus,Culebra de líneas amarillas,Reptilia
105284181,2022-01-20 18:57:00 UTC,4033819,2022-01-20 22:35:38 UTC,research,,https://www.inaturalist.org/observations/105284181,"",Atropellada en la ruta,-30.9993048943,-56.8704710528,Didelphis albiventris,Comadreja overa,Mammalia
105329340,2022-01-21 18:28:50 UTC,5071058,2022-01-21 21:29:32 UTC,research,CC-BY,https://www.inaturalist.org/observations/105329340,"",,-34.68491,-54.29569,Psomophis obtusus,Culebra Castaña de Vientre Rojo,Reptilia
105435952,2022-01-23 12:38:56 UTC,4033819,2022-01-23 15:55:04 UTC,research,,https://www.inaturalist.org/observations/105435952,"","Atropellado en la ruta 4, Artigas",-31.0181583891,-56.8857391924,Ophiodes striatus,Víbora de cristal,Reptilia
105499156,2022-01-24 13:06:30 UTC,4033819,2022-01-24 14:09:24 UTC,research,,https://www.inaturalist.org/observations/105499156,"",,-31.0409701844,-56.8989785761,Salvator merianae,Lagarto Overo,Reptilia
105499481,2022-01-24 12:58:50 UTC,4033819,2022-01-24 14:15:51 UTC,research,,https://www.inaturalist.org/observations/105499481,"",,-31.0445077771,-56.9019129127,Oxyrhopus rhombifer rhombifer,,Reptilia
105555844,2022-01-25 10:38:19 UTC,4033819,2022-01-25 15:07:36 UTC,research,CC-BY,https://www.inaturalist.org/observations/105555844,"","Atropellada en la ruta 4 de Pueblo Sequeira, Artigas",-30.9993048943,-56.8704710528,Hydromedusa tectifera,Tortuga cuello de serpiente,Reptilia
105586056,2022-01-25 21:49:48 UTC,4033819,2022-01-26 01:05:53 UTC,research,,https://www.inaturalist.org/observations/105586056,"",,-31.0335300387,-56.8967235088,Salvator merianae,Lagarto Overo,Reptilia
105586315,2022-01-25 21:04:58 UTC,4033819,2022-01-26 01:11:45 UTC,research,CC-BY,https://www.inaturalist.org/observations/105586315,"",,-30.9993048943,-56.8704710528,Lygophis anomalus,Culebra de líneas amarillas,Reptilia
105645341,2021-12-05 01:28:00 UTC,2595924,2022-01-27 02:47:29 UTC,research,CC-BY-NC,https://www.inaturalist.org/observations/105645341,"","",-33.6755599452,-55.8531347931,Dasypus septemcinctus,Armadillo de siete bandas,Mammalia
105665859,2022-01-25 12:13:15 UTC,4033819,2022-01-27 15:41:01 UTC,research,,https://www.inaturalist.org/observations/105665859,"",,-30.9769904878,-56.8566452712,Nothura maculosa,Perdiz,Aves
105692309,2022-01-27 22:44:39 UTC,4033819,2022-01-28 01:32:32 UTC,research,CC-BY,https://www.inaturalist.org/observations/105692309,"",,-31.053427155,-56.9117525965,Oxyrhopus rhombifer rhombifer,,Reptilia
105693507,2022-01-27 22:38:14 UTC,4033819,2022-01-28 02:01:49 UTC,research,CC-BY,https://www.inaturalist.org/observations/105693507,"",,-31.053079323,-56.9104889408,Erythrolamprus poecilogyrus,Culebra verde y amarilla,Reptilia
105710361,2022-01-27 21:51:00 UTC,4033819,2022-01-28 11:29:51 UTC,research,,https://www.inaturalist.org/observations/105710361,"",,-31.0174595927,-56.8864496425,Nothura maculosa,Perdiz,Aves
105806189,2022-01-29 21:27:14 UTC,4033819,2022-01-30 00:32:55 UTC,research,CC-BY,https://www.inaturalist.org/observations/105806189,"",,-31.0667865617,-56.9274099916,Tachymenis ocellata,,Reptilia
105806420,2022-01-29 20:52:27 UTC,4033819,2022-01-30 00:38:13 UTC,research,CC-BY,https://www.inaturalist.org/observations/105806420,"","Atropellada en la ruta 4, Artigas",-31.0286336868,-56.8939786032,Adelphostigma occipitalis,,Reptilia
105901648,2022-01-31 11:54:08 UTC,4033819,2022-01-31 12:01:48 UTC,research,CC-BY,https://www.inaturalist.org/observations/105901648,"",,-30.9993048943,-56.8704710528,Oxyrhopus rhombifer,Falsa coral,Reptilia
105939483,2022-01-17 22:50:27 UTC,4033819,2022-02-01 01:22:17 UTC,research,,https://www.inaturalist.org/observations/105939483,"",,-31.0339241951,-56.8936154991,Dasypus novemcinctus,Tatú,Mammalia
105964740,2022-02-01 10:52:00 UTC,4033819,2022-02-01 14:39:08 UTC,research,CC-BY,https://www.inaturalist.org/observations/105964740,"","Atropellado en la ruta 4, Artigas",-31.0139600743,-56.8849734217,Philodryas patagoniensis,Culebra del Pastizal,Reptilia
105965154,2022-02-01 09:39:51 UTC,4033819,2022-02-01 14:50:57 UTC,research,CC-BY,https://www.inaturalist.org/observations/105965154,"","Atropellado en la ruta 4, Artigas",-31.0162205957,-56.8849989027,Tachymenis ocellata,,Reptilia
106119878,2022-02-04 12:34:59 UTC,4033819,2022-02-04 14:06:21 UTC,research,CC-BY,https://www.inaturalist.org/observations/106119878,"",,-31.0305094591,-56.8931192905,Lygophis anomalus,Culebra de líneas amarillas,Reptilia
106243451,2022-02-06 12:50:31 UTC,4033819,2022-02-06 14:40:36 UTC,research,CC-BY,https://www.inaturalist.org/observations/106243451,"","Encontrado muerto al lado de la ruta 4, cerca de Arapey Chico",-31.0310438277,-56.8936882541,Cavia aperea,Apereá,Mammalia
106288788,2020-12-26 20:14:00 UTC,4759325,2022-02-07 02:46:41 UTC,research,CC-BY-NC,https://www.inaturalist.org/observations/106288788,"",,-34.7127623056,-55.8400749444,Salvator merianae,Lagarto Overo,Reptilia
106314295,2022-02-07 13:24:24 UTC,4033819,2022-02-07 13:31:40 UTC,research,CC-BY,https://www.inaturalist.org/observations/106314295,"",,-30.9993048943,-56.8704710528,Dasypus novemcinctus,Tatú,Mammalia
106314518,2022-02-07 12:09:59 UTC,4033819,2022-02-07 13:36:45 UTC,research,,https://www.inaturalist.org/observations/106314518,"","Atropellada en la ruta 4, Artigas",-31.0074023336,-56.8795127794,Nothura maculosa,Perdiz,Aves
106347405,2022-02-07 21:23:18 UTC,4033819,2022-02-08 00:21:06 UTC,research,CC-BY,https://www.inaturalist.org/observations/106347405,"","Encontrado muerto en la ruta 4, Artigas",-31.0295567817,-56.8925523385,Guira guira,Pirincho,Aves
106411688,2022-02-08 08:57:47 UTC,3322591,2022-02-09 02:19:28 UTC,research,CC-BY,https://www.inaturalist.org/observations/106411688,"",Encontrado atropellado en el Puente Piraraja,-33.7110977172,-54.714084625,Hydrochoerus hydrochaeris,Carpincho,Mammalia
106468904,2022-02-08 18:10:04 UTC,4033819,2022-02-10 01:48:05 UTC,research,CC-BY,https://www.inaturalist.org/observations/106468904,"","Ejemplar lastimado (y lamentablemente en unos 30 minutos aprox. encontrado muerto) al lado de la ruta 4, Salto",-31.0441409536,-56.9018710032,Guira guira,Pirincho,Aves
106550929,2022-02-11 14:47:41 UTC,5071058,2022-02-11 14:48:05 UTC,research,CC-BY,https://www.inaturalist.org/observations/106550929,"",,-34.7201983333,-54.4159066667,Conepatus chinga,Zorrino,Mammalia
106644041,2022-02-12 20:55:42 UTC,4033819,2022-02-13 00:51:02 UTC,research,CC-BY,https://www.inaturalist.org/observations/106644041,"",,-31.0079710281,-56.8798426911,Xenodon dorbignyi,Falsa Crucera de Hocico Respingado,Reptilia
106680623,2022-02-13 13:03:42 UTC,4033819,2022-02-13 15:29:54 UTC,needs_id,CC-BY,https://www.inaturalist.org/observations/106680623,"",,-31.0189238411,-56.8861861154,Adelphostigma occipitalis,,Reptilia
106716434,2022-02-12 17:51:01 UTC,4033819,2022-02-14 01:06:54 UTC,research,CC-BY,https://www.inaturalist.org/observations/106716434,"","Atropellada en la ruta 4, Artigas",-31.0084017853,-56.8800834194,Philodryas patagoniensis,Culebra del Pastizal,Reptilia
106748829,2022-02-14 14:06:17 UTC,4033819,2022-02-14 16:45:23 UTC,research,CC-BY,https://www.inaturalist.org/observations/106748829,"","Atropellada en la ruta 4, Artigas",-31.049606103,-56.9071281329,Tyrannus savana,Tijereta,Aves
106854800,2022-02-16 13:22:03 UTC,5071058,2022-02-16 13:22:40 UTC,research,CC-BY,https://www.inaturalist.org/observations/106854800,"",,-34.820135,-54.611695,Lycalopex gymnocercus,Zorro Gris,Mammalia
106991923,2022-02-18 12:27:48 UTC,4033819,2022-02-18 20:31:28 UTC,research,CC-BY,https://www.inaturalist.org/observations/106991923,"",,-30.9528163135,-56.8346880376,Micrurus altirostris,Coralillo uruguaya,Reptilia
107006269,2022-02-18 22:01:04 UTC,4033819,2022-02-19 00:55:09 UTC,research,CC-BY,https://www.inaturalist.org/observations/107006269,"",,-30.968078903,-56.8486271426,Euphractus sexcinctus,Tatú peludo,Mammalia
107067887,2022-02-19 21:38:58 UTC,4033819,2022-02-19 22:41:44 UTC,research,CC-BY,https://www.inaturalist.org/observations/107067887,"",,-31.0085673059,-56.8803234771,Didelphis albiventris,Comadreja overa,Mammalia
107256767,2022-02-22 14:12:24 UTC,4033819,2022-02-22 15:51:45 UTC,research,CC-BY,https://www.inaturalist.org/observations/107256767,"",,-31.0173814375,-56.8852584064,Dasypus novemcinctus,Tatú,Mammalia
107705433,2022-03-01 11:11:07 UTC,4033819,2022-03-01 16:40:37 UTC,research,CC-BY,https://www.inaturalist.org/observations/107705433,"",,-31.0385895964,-56.8977430835,Adelphostigma occipitalis,,Reptilia
107708605,2022-03-01 11:48:09 UTC,4033819,2022-03-01 17:40:56 UTC,research,CC-BY,https://www.inaturalist.org/observations/107708605,"",,-31.0445626425,-56.902233772,Didelphis albiventris,Comadreja overa,Mammalia
107713846,2022-03-01 13:00:22 UTC,4033819,2022-03-01 19:17:36 UTC,research,CC-BY,https://www.inaturalist.org/observations/107713846,"",,-31.1646697797,-57.0400134847,Euphractus sexcinctus,Tatú peludo,Mammalia
107714874,2022-03-01 14:29:04 UTC,4033819,2022-03-01 19:39:08 UTC,research,CC-BY,https://www.inaturalist.org/observations/107714874,"",,-31.0806537747,-56.9422757998,Philodryas patagoniensis,Culebra del Pastizal,Reptilia
107737658,2022-02-28 19:22:00 UTC,1384163,2022-03-02 01:45:19 UTC,research,CC-BY-NC,https://www.inaturalist.org/observations/107737658,"","",-32.6008744512,-56.4393475389,Procyon cancrivorus,Mano pelada,Mammalia
107797717,2022-03-02 11:36:51 UTC,4033819,2022-03-03 01:15:16 UTC,needs_id,CC-BY,https://www.inaturalist.org/observations/107797717,"",,-31.0365643117,-56.8973876908,Lygophis anomalus,Culebra de líneas amarillas,Reptilia
107824778,2022-03-03 11:56:30 UTC,5071058,2022-03-03 14:57:05 UTC,research,CC-BY,https://www.inaturalist.org/observations/107824778,"",,-34.7125083333,-54.387425,Dasypus novemcinctus,Tatú,Mammalia
107903812,2022-03-04 11:33:16 UTC,4033819,2022-03-04 19:46:39 UTC,research,CC-BY,https://www.inaturalist.org/observations/107903812,"",,-31.0187681078,-56.8860784918,Tachymenis ocellata,,Reptilia
107914453,2022-03-04 20:34:47 UTC,4033819,2022-03-04 22:53:59 UTC,research,CC-BY,https://www.inaturalist.org/observations/107914453,"",,-31.0413352965,-56.8993178755,Oxyrhopus rhombifer rhombifer,,Reptilia
107914933,2022-03-04 20:53:38 UTC,4033819,2022-03-04 22:59:11 UTC,research,CC-BY,https://www.inaturalist.org/observations/107914933,"","Ejemplares atropellados en la ruta 4, Salto",-31.0556364763,-56.9141079113,Adelphostigma occipitalis,,Reptilia
107915178,2022-03-04 20:53:52 UTC,4033819,2022-03-04 23:02:57 UTC,needs_id,CC-BY,https://www.inaturalist.org/observations/107915178,"","Ejemplares atropellados en la ruta 4, Salto",-31.0551301062,-56.9135252014,Adelphostigma occipitalis,,Reptilia
108025854,2022-03-06 12:59:25 UTC,4033819,2022-03-06 14:43:54 UTC,research,CC-BY,https://www.inaturalist.org/observations/108025854,"",,-31.0438896055,-56.9016661495,Phrynops hilarii,Tortuga de laguna,Reptilia
108035415,2022-03-06 14:30:11 UTC,3322591,2022-03-06 17:02:32 UTC,research,CC-BY,https://www.inaturalist.org/observations/108035415,"",,-34.7866821289,-55.8535232542,Dryophylax hypoconia,Culebra Ojo de Gato,Reptilia
108179908,2022-03-08 16:02:09 UTC,4033819,2022-03-08 16:21:00 UTC,research,CC-BY,https://www.inaturalist.org/observations/108179908,"",,-30.9993048943,-56.8704710528,Erythrolamprus jaegeri,Culebra verde de vientre rojo,Reptilia
108179970,2022-03-08 16:04:24 UTC,4033819,2022-03-08 16:22:29 UTC,research,CC-BY,https://www.inaturalist.org/observations/108179970,"",,-30.9993048943,-56.8704710528,Lygophis anomalus,Culebra de líneas amarillas,Reptilia
108335511,2022-03-10 21:39:36 UTC,4033819,2022-03-11 00:06:06 UTC,research,CC-BY,https://www.inaturalist.org/observations/108335511,"",,-31.0284676264,-56.8918137252,Erythrolamprus poecilogyrus,Culebra verde y amarilla,Reptilia
108425592,2022-03-11 19:34:24 UTC,4033819,2022-03-12 11:48:57 UTC,research,CC-BY,https://www.inaturalist.org/observations/108425592,"",,-30.9921871322,-56.8731566146,Helicops infrataeniatus,Culebra de los esteros,Reptilia
108425738,2022-03-11 19:58:04 UTC,4033819,2022-03-12 11:52:05 UTC,research,CC-BY,https://www.inaturalist.org/observations/108425738,"",,-30.9849768604,-56.8646690995,Philodryas patagoniensis,Culebra del Pastizal,Reptilia
108512836,2022-03-13 13:06:58 UTC,4033819,2022-03-13 15:57:29 UTC,needs_id,CC-BY,https://www.inaturalist.org/observations/108512836,"",,-31.0365605771,-56.8974057958,Dryophylax hypoconia,Culebra Ojo de Gato,Reptilia
108513067,2022-03-13 13:55:30 UTC,4033819,2022-03-13 16:01:25 UTC,needs_id,CC-BY,https://www.inaturalist.org/observations/108513067,"",,-31.0054844375,-56.8785458431,Lygophis anomalus,Culebra de líneas amarillas,Reptilia
108655807,2022-03-11 11:31:00 UTC,2044920,2022-03-15 14:47:33 UTC,research,CC-BY-NC,https://www.inaturalist.org/observations/108655807,"",atropellado en carretera,-31.6034125801,-56.8071783131,Euphractus sexcinctus,Tatú peludo,Mammalia
108717196,2022-03-15 21:04:01 UTC,4033819,2022-03-16 10:34:28 UTC,research,CC-BY,https://www.inaturalist.org/observations/108717196,"",,-30.9763646917,-56.8563321233,Conepatus chinga,Zorrino,Mammalia
108717735,2022-03-14 21:48:02 UTC,4033819,2022-03-16 10:55:52 UTC,needs_id,CC-BY,https://www.inaturalist.org/observations/108717735,"",,-30.9580943529,-56.8394677341,Philodryas patagoniensis,Culebra del Pastizal,Reptilia
108761669,2022-03-16 22:02:42 UTC,4033819,2022-03-16 23:18:08 UTC,research,CC-BY,https://www.inaturalist.org/observations/108761669,"",,-30.9722346797,-56.8526256457,Tachymenis ocellata,,Reptilia
108896924,2022-03-18 15:09:52 UTC,4033819,2022-03-18 20:41:10 UTC,research,CC-BY,https://www.inaturalist.org/observations/108896924,"",,-30.9993048943,-56.8704710528,Xenodon dorbignyi,Falsa Crucera de Hocico Respingado,Reptilia
109056337,2022-03-20 13:52:58 UTC,4033819,2022-03-20 16:36:33 UTC,research,CC-BY,https://www.inaturalist.org/observations/109056337,"",,-31.0002903489,-56.8764188513,Tachymenis ocellata,,Reptilia
109056530,2022-03-20 13:56:09 UTC,4033819,2022-03-20 16:38:46 UTC,research,CC-BY,https://www.inaturalist.org/observations/109056530,"",,-30.9976926237,-56.875356026,Lygophis anomalus,Culebra de líneas amarillas,Reptilia
109056770,2022-03-20 14:01:22 UTC,4033819,2022-03-20 16:41:48 UTC,research,CC-BY,https://www.inaturalist.org/observations/109056770,"",,-30.994452481,-56.8740521371,Tachymenis ocellata,,Reptilia
109057007,2022-03-20 14:06:56 UTC,4033819,2022-03-20 16:45:15 UTC,needs_id,CC-BY,https://www.inaturalist.org/observations/109057007,"",,-30.9908009375,-56.8721595034,Philodryas patagoniensis,Culebra del Pastizal,Reptilia
109068014,2022-03-20 14:12:23 UTC,4033819,2022-03-20 18:27:37 UTC,research,CC-BY,https://www.inaturalist.org/observations/109068014,"",,-30.98832942,-56.8689475581,Lygophis anomalus,Culebra de líneas amarillas,Reptilia
109068321,2022-03-20 14:15:13 UTC,4033819,2022-03-20 18:30:31 UTC,research,CC-BY,https://www.inaturalist.org/observations/109068321,"",,-30.9871777095,-56.8674686551,Xenodon dorbignyi,Falsa Crucera de Hocico Respingado,Reptilia
109097809,2022-03-20 20:38:30 UTC,4033819,2022-03-20 23:36:12 UTC,research,CC-BY,https://www.inaturalist.org/observations/109097809,"",,-30.9851277626,-56.8647271022,Psomophis obtusus,Culebra Castaña de Vientre Rojo,Reptilia
109182393,2022-03-21 20:57:50 UTC,4033819,2022-03-21 23:02:50 UTC,research,CC-BY,https://www.inaturalist.org/observations/109182393,"",,-30.9739609298,-56.8541809916,Tachymenis ocellata,,Reptilia
109182621,2022-03-21 21:52:09 UTC,4033819,2022-03-21 23:05:10 UTC,research,CC-BY,https://www.inaturalist.org/observations/109182621,"",,-30.9821246202,-56.8618504331,Lygophis anomalus,Culebra de líneas amarillas,Reptilia
109236606,2022-03-20 20:35:00 UTC,5141848,2022-03-22 17:30:20 UTC,research,CC-BY-NC,https://www.inaturalist.org/observations/109236606,"",,-34.54829,-54.1038169722,Galictis cuja,Hurón,Mammalia
109282147,2022-03-22 20:58:45 UTC,4096291,2022-03-23 13:22:52 UTC,research,CC-BY-NC,https://www.inaturalist.org/observations/109282147,"",,-34.6685693527,-54.237799421,Lygophis anomalus,Culebra de líneas amarillas,Reptilia
109403558,2022-03-24 18:14:57 UTC,4033819,2022-03-24 21:21:49 UTC,research,CC-BY,https://www.inaturalist.org/observations/109403558,"",,-31.007829645,-56.879745461,Lygophis anomalus,Culebra de líneas amarillas,Reptilia
109843671,2022-03-29 15:27:46 UTC,4033819,2022-03-29 15:56:00 UTC,research,CC-BY,https://www.inaturalist.org/observations/109843671,"",,-30.9993048943,-56.8704710528,Lygophis anomalus,Culebra de líneas amarillas,Reptilia
109921414,2022-03-30 14:00:35 UTC,2724995,2022-03-30 14:09:37 UTC,research,CC-BY-NC,https://www.inaturalist.org/observations/109921414,"","",-33.6409835696,-54.2711773882,Leopardus geoffroyi,Gato Montés,Mammalia
110055873,2022-03-31 14:18:08 UTC,4033819,2022-04-01 01:26:29 UTC,research,CC-BY,https://www.inaturalist.org/observations/110055873,"",,-30.9994043311,-56.8760852516,Lygophis anomalus,Culebra de líneas amarillas,Reptilia
110395181,2022-04-02 12:19:07 UTC,4033819,2022-04-04 14:21:10 UTC,research,CC-BY,https://www.inaturalist.org/observations/110395181,"","Encontrada al lado de la ruta 4, Artigas.",-31.0278260791,-56.8914469332,Dasypus septemcinctus,Armadillo de siete bandas,Mammalia
110498377,2022-04-05 15:16:23 UTC,4033819,2022-04-05 16:40:57 UTC,research,CC-BY,https://www.inaturalist.org/observations/110498377,"",,-30.9993048943,-56.8704710528,Lygophis anomalus,Culebra de líneas amarillas,Reptilia
110738411,2022-04-07 12:27:13 UTC,1417397,2022-04-08 10:12:39 UTC,research,CC-BY,https://www.inaturalist.org/observations/110738411,"",,-32.5125782,-54.1251499997,Leopardus geoffroyi,Gato Montés,Mammalia
110798125,2022-04-08 20:36:54 UTC,4033819,2022-04-08 23:43:00 UTC,research,CC-BY,https://www.inaturalist.org/observations/110798125,"",,-30.9521308399,-56.8339464068,Philodryas patagoniensis,Culebra del Pastizal,Reptilia
110799973,2022-04-07 20:45:52 UTC,4033819,2022-04-09 00:05:48 UTC,research,CC-BY,https://www.inaturalist.org/observations/110799973,"",,-30.9656944819,-56.8464853987,Micrurus altirostris,Coralillo uruguaya,Reptilia
110800188,2022-04-06 19:47:32 UTC,4033819,2022-04-09 00:08:40 UTC,research,CC-BY,https://www.inaturalist.org/observations/110800188,"",,-30.9844017053,-56.8638704717,Erythrolamprus poecilogyrus,Culebra verde y amarilla,Reptilia
111337353,2022-04-13 14:10:40 UTC,4033819,2022-04-13 19:08:09 UTC,research,CC-BY,https://www.inaturalist.org/observations/111337353,"",,-30.9766820458,-56.8567096442,Tachymenis ocellata,,Reptilia
111337945,2022-04-12 23:44:37 UTC,4033819,2022-04-13 19:13:19 UTC,research,CC-BY,https://www.inaturalist.org/observations/111337945,"",,-31.0085242016,-56.8801058829,Tachymenis ocellata,,Reptilia
111338194,2022-04-12 20:11:42 UTC,4033819,2022-04-13 19:16:02 UTC,research,CC-BY,https://www.inaturalist.org/observations/111338194,"",,-31.0071827862,-56.8793370947,Xenodon dorbignyi,Falsa Crucera de Hocico Respingado,Reptilia
111338446,2022-04-13 14:24:56 UTC,4033819,2022-04-13 19:18:11 UTC,research,CC-BY,https://www.inaturalist.org/observations/111338446,"",,-30.9817946366,-56.8615265563,Conepatus chinga,Zorrino,Mammalia
111339186,2022-04-12 19:20:47 UTC,4033819,2022-04-13 19:25:36 UTC,research,CC-BY,https://www.inaturalist.org/observations/111339186,"",,-31.0076345246,-56.8796354905,Tachymenis ocellata,,Reptilia
111339394,2022-04-12 19:18:51 UTC,4033819,2022-04-13 19:27:27 UTC,research,CC-BY,https://www.inaturalist.org/observations/111339394,"",,-31.0072276153,-56.8794061616,Philodryas patagoniensis,Culebra del Pastizal,Reptilia
111339611,2022-04-11 18:04:45 UTC,4033819,2022-04-13 19:29:27 UTC,research,CC-BY,https://www.inaturalist.org/observations/111339611,"",,-30.9904520145,-56.871622391,Philodryas patagoniensis,Culebra del Pastizal,Reptilia
111346255,2022-04-13 19:57:25 UTC,5284022,2022-04-13 20:34:27 UTC,research,CC0,https://www.inaturalist.org/observations/111346255,"",El ejemplar de encontraba muerto al  costado de la calle,-30.2328638967,-57.6075803116,Philodryas patagoniensis,Culebra del Pastizal,Reptilia
111867171,2022-04-17 20:00:30 UTC,1353517,2022-04-18 01:03:57 UTC,needs_id,CC-BY-NC,https://www.inaturalist.org/observations/111867171,"",Atropellada. Unos 30 cm de largo.,-34.8780013286,-56.0911689699,Erythrolamprus semiaureus,Culebra parda,Reptilia
111975382,2022-04-18 19:18:26 UTC,4033819,2022-04-18 21:35:42 UTC,research,CC-BY,https://www.inaturalist.org/observations/111975382,"",,-30.9783648101,-56.858240515,Lycalopex gymnocercus,Zorro Gris,Mammalia
112030323,2022-04-17 12:20:18 UTC,3438688,2022-04-19 11:40:43 UTC,research,CC-BY-NC,https://www.inaturalist.org/observations/112030323,"",Arroyado a la orilla sobre la ruta 3,-32.3832974267,-58.0354737863,Cerdocyon thous,Zorro De Monte,Mammalia
112100144,2022-04-19 21:14:35 UTC,4033819,2022-04-19 23:47:32 UTC,research,CC-BY,https://www.inaturalist.org/observations/112100144,"",,-30.9816629878,-56.861387752,Xenodon dorbignyi,Falsa Crucera de Hocico Respingado,Reptilia
116201328,2022-05-08 16:41:49 UTC,3906728,2022-05-09 00:12:41 UTC,research,CC-BY-NC,https://www.inaturalist.org/observations/116201328,"",,-34.6954569722,-54.3302539722,Bothrops alternatus,Crucera,Reptilia
117491781,2022-05-17 18:46:40 UTC,3438688,2022-05-17 19:39:22 UTC,research,CC-BY-NC,https://www.inaturalist.org/observations/117491781,"","Muy a menudo paso por esa parte de la ruta y siempre está el aroma de que ahí vivía, hoy desafortunadamente lo encontré arrollado a la orilla. ",-32.3807692757,-58.0375595391,Conepatus chinga,Zorrino,Mammalia
117942734,2022-05-20 20:35:40 UTC,3438688,2022-05-21 01:09:01 UTC,research,CC-BY-NC,https://www.inaturalist.org/observations/117942734,"",,-32.3915408196,-58.0285201594,Procyon cancrivorus,Mano pelada,Mammalia
118052739,2022-05-21 18:39:14 UTC,2477449,2022-05-21 18:48:43 UTC,research,CC-BY-NC,https://www.inaturalist.org/observations/118052739,"",Muerto en la carretera,-32.2777728416,-58.0922083386,Rhinella dorbignyi,Sapito Jardín,Amphibia
118388787,2022-05-23 16:24:10 UTC,5284022,2022-05-23 16:41:07 UTC,research,CC0,https://www.inaturalist.org/observations/118388787,"",,-32.3644326972,-57.235930413,Lycalopex gymnocercus,Zorro Gris,Mammalia
120990528,2022-06-09 18:39:44 UTC,1661153,2022-06-09 18:40:43 UTC,research,CC-BY-NC,https://www.inaturalist.org/observations/120990528,"",Muerto en Rta Interbalnearia ,-34.7879771839,-55.917468883,Pitangus sulphuratus,Benteveo,Aves
121280104,,2439287,2022-06-11 18:45:00 UTC,research,CC-BY-NC-SA,https://www.inaturalist.org/observations/121280104,"",,-34.7278500749,-54.4364706427,Procyon cancrivorus,Mano pelada,Mammalia
124307060,2022-07-01 16:16:03 UTC,5434555,2022-07-01 22:14:33 UTC,research,CC-BY-NC,https://www.inaturalist.org/observations/124307060,"",Estaba en la orilla de un camino.,-34.8579006219,-55.1239030436,Didelphis albiventris,Comadreja overa,Mammalia
127435961,2022-07-22 18:16:00 UTC,1384163,2022-07-23 00:23:46 UTC,research,CC-BY-NC,https://www.inaturalist.org/observations/127435961,"","I could see two of them, today, dead on the side of the road :-(",-33.9058286542,-55.5905652862,Procyon cancrivorus,Mano pelada,Mammalia
128313442,2022-07-28 15:54:48 UTC,3322591,2022-07-28 16:03:41 UTC,research,CC-BY,https://www.inaturalist.org/observations/128313442,"","Encontrado atropellado en el medio de la ruta. Muy fresco, posiblemente atropellado esa misma mañana.",-33.0656661,-54.1559402,Tamandua tetradactyla,Tamanduá,Mammalia
130713650,2022-08-11 23:45:00 UTC,4794023,2022-08-14 00:43:16 UTC,research,CC-BY-NC,https://www.inaturalist.org/observations/130713650,"",Mano pelada atropellado ruta 7 km 82.500,-34.311512866,-55.7443023473,Procyon cancrivorus,Mano pelada,Mammalia
134577366,2014-06-14 14:18:00 UTC,1417397,2022-09-11 14:10:28 UTC,research,CC-BY,https://www.inaturalist.org/observations/134577366,"",,-34.7668733252,-55.7306149237,Didelphis albiventris,Comadreja overa,Mammalia
135506476,2022-09-16 16:22:41 UTC,3906728,2022-09-18 12:37:13 UTC,research,CC-BY-NC,https://www.inaturalist.org/observations/135506476,"",,-34.600028,-54.17047,Cerdocyon thous,Zorro De Monte,Mammalia
135506715,2022-09-16 16:21:01 UTC,3906728,2022-09-18 12:39:53 UTC,research,CC-BY-NC,https://www.inaturalist.org/observations/135506715,"",,-34.58787,-54.178769,Conepatus chinga,Zorrino,Mammalia
135726760,2022-09-17 19:33:19 UTC,3906728,2022-09-19 23:46:02 UTC,research,CC-BY-NC,https://www.inaturalist.org/observations/135726760,"",,-34.651769,-54.197743,Philodryas patagoniensis,Culebra del Pastizal,Reptilia
136060555,2022-09-22 17:34:15 UTC,5624167,2022-09-22 17:35:35 UTC,research,,https://www.inaturalist.org/observations/136060555,"",,-34.911165,-54.9690666667,Phalotris lemniscatus,,Reptilia
138959997,2022-10-16 12:22:43 UTC,2495933,2022-10-16 12:25:31 UTC,research,CC0,https://www.inaturalist.org/observations/138959997,"",,-31.0013830941,-56.1113229208,Tamandua tetradactyla,Tamanduá,Mammalia
138968848,2022-10-16 12:23:40 UTC,2513727,2022-10-16 13:53:51 UTC,research,CC-BY-NC,https://www.inaturalist.org/observations/138968848,"",Mismo individuo: https://www.naturalista.uy//observations/138959997,-31.0005698997,-56.1106654,Tamandua tetradactyla,Tamanduá,Mammalia
140296736,2022-10-28 16:58:42 UTC,2633413,2022-10-28 20:39:02 UTC,research,CC-BY-NC,https://www.inaturalist.org/observations/140296736,"",,-34.9431710744,-54.9398277327,Didelphis albiventris,Comadreja overa,Mammalia
140565610,2022-10-29 10:34:00 UTC,5284022,2022-10-30 20:23:20 UTC,research,CC0,https://www.inaturalist.org/observations/140565610,"","",-30.3133564227,-57.5777965131,Procyon cancrivorus,Mano pelada,Mammalia
140819263,2022-11-01 21:34:44 UTC,776050,2022-11-01 21:54:57 UTC,research,,https://www.inaturalist.org/observations/140819263,"",,-32.3801029722,-54.3889789722,Procyon cancrivorus,Mano pelada,Mammalia
142252587,2022-11-11 22:09:00 UTC,4527901,2022-11-17 23:28:41 UTC,research,CC-BY,https://www.inaturalist.org/observations/142252587,"","",-34.6410966667,-56.2460033333,Galictis cuja,Hurón,Mammalia
142616244,2022-11-22 18:19:21 UTC,3438688,2022-11-22 18:39:16 UTC,research,CC-BY-NC,https://www.inaturalist.org/observations/142616244,"",Muerto a la orilla de la ruta,-32.3811585969,-58.0374509096,Falco sparverius,Halconcito,Aves
143567303,2022-12-03 14:39:50 UTC,3322591,2022-12-03 15:18:26 UTC,research,CC-BY,https://www.inaturalist.org/observations/143567303,"",,-34.7748062,-55.8306589997,Didelphis albiventris,Comadreja overa,Mammalia
143676390,2022-12-04 18:44:23 UTC,3322591,2022-12-04 21:57:46 UTC,needs_id,CC-BY,https://www.inaturalist.org/observations/143676390,"",,-34.4792370997,-54.3384248997,Amphisbaena,,Reptilia
144146584,2022-12-11 13:01:14 UTC,2495933,2022-12-11 13:02:16 UTC,research,CC0,https://www.inaturalist.org/observations/144146584,"",,-31.3655994181,-55.6610326655,Cabassous tatouay,Tatú de Rabo Molle,Mammalia
145526821,2022-12-31 18:25:32 UTC,3322591,2022-12-31 20:29:28 UTC,research,CC-BY,https://www.inaturalist.org/observations/145526821,"",,-33.8275943,-54.7702547,Leopardus geoffroyi,Gato Montés,Mammalia
145689068,2015-10-19 23:37:00 UTC,2616302,2023-01-02 20:00:46 UTC,research,CC-BY-NC,https://www.inaturalist.org/observations/145689068,"",,-34.7757132199,-55.746198,Didelphis albiventris,Comadreja overa,Mammalia
145690596,2015-10-20 20:31:00 UTC,2616302,2023-01-02 20:17:53 UTC,research,CC-BY-NC,https://www.inaturalist.org/observations/145690596,"",,-34.7763515,-55.755161,Didelphis albiventris,Comadreja overa,Mammalia
145693660,2015-10-23 20:31:00 UTC,2616302,2023-01-02 20:55:52 UTC,research,CC-BY-NC,https://www.inaturalist.org/observations/145693660,"",,-33.58037921,-56.36411974,Galictis cuja,Hurón,Mammalia
145693664,2015-10-24 00:35:00 UTC,2616302,2023-01-02 20:55:53 UTC,research,CC-BY-NC,https://www.inaturalist.org/observations/145693664,"",,-32.43608,-55.958933,Lepus europaeus,Liebre europea,Mammalia
145693686,2015-10-23 20:31:00 UTC,2616302,2023-01-02 20:56:02 UTC,research,CC-BY-NC,https://www.inaturalist.org/observations/145693686,"",,-33.58038001,-56.36412,Galictis cuja,Hurón,Mammalia
145760911,2015-10-24 19:51:00 UTC,2616302,2023-01-03 16:40:05 UTC,research,CC-BY-NC,https://www.inaturalist.org/observations/145760911,"",,-32.4937276501,-55.895572,Lepus europaeus,Liebre europea,Mammalia
145761224,2015-10-24 20:51:00 UTC,2616302,2023-01-03 16:46:08 UTC,research,CC-BY-NC,https://www.inaturalist.org/observations/145761224,"",,-32.17581705,-56.13201989,Lycalopex gymnocercus,Zorro Gris,Mammalia
145761225,2015-10-24 20:53:00 UTC,2616302,2023-01-03 16:46:09 UTC,research,CC-BY-NC,https://www.inaturalist.org/observations/145761225,"",,-32.17772391,-56.13684139,Conepatus chinga,Zorrino,Mammalia
145779623,2015-10-27 02:26:00 UTC,2616302,2023-01-03 21:19:54 UTC,research,CC-BY-NC,https://www.inaturalist.org/observations/145779623,"",,-31.5986182199,-55.7990327799,Procyon cancrivorus,Mano pelada,Mammalia
145779624,2015-10-27 02:36:00 UTC,2616302,2023-01-03 21:19:55 UTC,research,CC-BY-NC,https://www.inaturalist.org/observations/145779624,"",,-31.6642461001,-55.9102537901,Salvator merianae,Lagarto Overo,Reptilia
145782536,2015-10-27 03:25:00 UTC,2616302,2023-01-03 22:05:28 UTC,research,CC-BY-NC,https://www.inaturalist.org/observations/145782536,"",,-31.87721202,-57.21894485,Lycalopex gymnocercus,Zorro Gris,Mammalia
146239904,2023-01-09 22:58:21 UTC,4527901,2023-01-10 00:37:20 UTC,needs_id,CC-BY,https://www.inaturalist.org/observations/146239904,"",,-34.6722919722,-56.213138,Caprimulgidae,Dormilones y parientes,Aves
146240060,2023-01-09 22:52:36 UTC,4527901,2023-01-10 00:40:56 UTC,research,CC-BY,https://www.inaturalist.org/observations/146240060,"",,-34.6816183972,-56.2018531,Troglodytes aedon,Ratonera,Aves
