Punto,Fecha,Hora,Especie,N,Observaciones
SG01-2,19-06-20,23:17:52,L. gymnocercus,1,pasa por enfrente y luego por atrás en el otro sentido 
SG01-2,20-06-20,05:00:21,L. europaeus,1,
SG01-2,20-06-20,19:26:22,L. gymnocercus,1,merodea buscando en el suelo
SG01-2,22-06-20,02:30:42,L. gymnocercus,1,
SG01-2,22-06-20,04:41:01,L. gymnocercus,1,
SG01-2,22-06-20,21:09:21,L. gymnocercus,1,
SG01-2,25-06-20,22:37:42,C. chinga,1,
SG01-2,26-06-20,02:40:57,C. chinga,1,2 individuos
SG01-2,26-06-20,22:33:21,L. gymnocercus,1,me genera duda con L. gymnocerus pero la forma de la cara y la cola me parece que en C.t
SG01-2,27-06-20,05:17:01,L. europaeus,1,
SG01-2,27-06-20,18:21:59,L. europaeus,1,
SG01-2,27-06-20,19:27:02,C. chinga,1,
SG01-2,27-06-20,20:24:22,L. europaeus,1,
SG01-2,27-06-20,22:34:43,L. europaeus,2,en EK000154 hay 2 ind?
SG01-2,27-06-20,23:22:51,L. gymnocercus,1,acá la cola si parece tener un punto negro mas arriba pero puede ser C.thous
SG01-2,28-06-20,22:02:56,L. europaeus,1,
SG01-2,29-06-20,00:28:12,L. geoffroyi,1,melánico
SG01-2,29-06-20,06:07:27,L. gymnocercus,1,
SG01-2,02-07-20,01:56:06,L. gymnocercus,1,
SG01-2,02-07-20,04:50:50,L. geoffroyi,1,
SG01-2,02-07-20,19:13:27,L. gymnocercus,1,
SG01-3,29-06-20,20:36:49,L. gymnocercus,1,este y el siguiente propongo zorro gris por el hábitat pero no sé... 
SG01-3,02-07-20,03:33:12,L. gymnocercus,1,por la cola pensaría zorro gris
SG03-2,21-06-20,13:21:36,M. gouazoubira,1,por la forma de la cola y porque en movimiento me parecen pintas blancas.
SG03-2,21-06-20,18:52:26,C. thous,1,por las patas negras si.husmeando los cebos
SG03-2,22-06-20,02:07:26,C. thous,1,
SG03-2,22-06-20,18:13:41,C. thous,1,husmeando los cebos. Muy oscuras
SG03-2,23-06-20,03:43:46,C. thous,1,husmando los cebos. 
SG03-2,23-06-20,22:49:00,C. thous,1,
SG03-2,24-06-20,16:03:08,M. gouazoubira,1,borrosa
SG03-2,26-06-20,15:30:47,M. gouazoubira,1,
SG03-2,02-07-20,23:05:45,C. thous,1,
SG04-2,19-06-20,18:32:06,C. chinga,1,
SG04-2,19-06-20,21:26:43,D. novemcinctus,1,
SG04-2,20-06-20,03:28:59,C. chinga,1,
SG04-2,20-06-20,11:21:56,L. europaeus,1,
SG04-2,20-06-20,20:04:16,C. thous,1,arancando presa de pollo (cebo)
SG04-2,22-06-20,03:24:23,C. chinga,1,
SG04-2,23-06-20,19:02:44,L. gymnocercus,1,
SG04-2,25-06-20,23:04:02,C. chinga,1,
SG04-2,26-06-20,19:03:16,L. gymnocercus,1,
SG04-2,26-06-20,19:44:23,L. gymnocercus,1,
SG04-2,28-06-20,02:02:14,M. gouazoubira,1,
SG04-2,02-07-20,22:37:54,C. chinga,1,borrosa
SG04-2,03-07-20,01:55:37,L. gymnocercus,1,
SG04-1,20-06-20,08:19:36,L. gymnocercus,1,
SG04-1,20-06-20,17:05:39,L. europaeus,1,
SG04-1,21-06-20,00:04:06,C. thous,1,huele mismo árbol donde se sube ratón
SG04-1,21-06-20,01:57:04,C. thous,1,"debe ser el mismo ind que vuelve a tratar de treparse al árbol varias veces, pasa por la cámara hasta las 02:18"
SG04-1,21-06-20,04:10:32,C. thous,1,
SG04-1,22-06-20,01:02:37,C. thous,1,
SG04-1,22-06-20,23:02:48,C. thous,1,
SG04-1,22-06-20,23:20:18,L. geoffroyi,1,
SG04-1,24-06-20,23:58:58,C. thous,1,
SG04-1,25-06-20,05:06:37,C. chinga,1,
SG04-1,25-06-20,23:24:51,C. thous,1,
SG04-1,28-06-20,01:29:00,C. chinga,1,
SG04-1,28-06-20,20:08:41,C. thous,1,
SG04-1,29-05-20,07:46:17,C. thous,1,despúes de esta hay varias fotos pero no identifico ningun animal
SG03-1,20-06-20,20:00:36,D. novemcinctus,1,
SG03-1,24-06-20,22:55:09,C. thous,1,
SG03-1,25-06-20,17:44:27,L. europaeus,1,
SG03-1,26-06-20,07:10:26,L. europaeus,1,
SG03-1,27-06-20,23:59:14,C. thous,1,hocico negro
SG03-1,28-06-20,21:35:13,D. novemcinctus,1,
SG04-3,21-06-20,07:02:40,C. thous,1,
SG04-3,22-06-20,17:17:49,L. europaeus,1,
SG04-3,24-06-20,03:33:46,C. thous,1,
SG04-3,26-06-20,16:12:43,L. europaeus,1,
SG04-3,26-06-20,18:57:45,C. thous,1,
SG04-3,26-06-20,19:18:51,C. thous,1,
SG04-3,27-06-20,12:42:06,L. europaeus,1,
SG04-3,27-06-20,20:09:40,L. gymnocercus,1,por la cola y le veo el vorde del labio blanco 
SG04-3,28-06-20,17:29:34,L. europaeus,1,
SG01-1,21-06-20,10:20:12,C. familiaris,1,
SG01-1,21-06-20,10:36:17,C. familiaris,1,
SG01-1,23-06-20,18:33:17,D. novemcinctus,1,
SG01-1,25-06-20,18:58:34,D. novemcinctus,1,
SG07-2,04-07-20,20:28:00,P. cancrivorus,1,
SG07-1,06-07-20,20:54:00,C. thous,1,tratando de agarrar el otro cebo
SG07-1,07-07-20,21:39:00,C. thous,1,
SG07-1,08-07-20,20:04:00,C. thous,1,
SG07-3,03-07-20,18:29:00,F. catus,1,tratando de agarrar cebo
SG07-3,04-07-20,06:33:00,F. catus,1,tratando de agarrar cebo
SG07-3,04-07-20,11:50:00,F. catus,1,
SG07-3,04-07-20,12:57:00,F. catus,1,
SG07-3,04-07-20,16:57:00,F. catus,1,
SG07-3,04-07-20,18:07:00,F. catus,1,
SG07-3,05-07-20,00:39:00,F. catus,1,
SG07-3,05-07-20,20:06:00,C. thous,2,en varias fotos se observan 2 individuos oliendo cebos
SG07-3,06-07-20,05:28:00,C. thous,1,
SG07-3,06-07-20,08:56:00,F. catus,1,
SG07-3,06-07-20,11:26:00,F. catus,1,
SG07-3,06-07-20,15:49:00,F. catus,1,
SG07-3,07-07-20,12:50:00,F. catus,1,
SG07-3,07-07-20,22:06:00,C. thous,1,
SG04-1,03-07-20,20:50:16,D. novemcinctus,1,
SG04-1,04-07-20,03:24:46,L. gymnocercus,1,
SG04-1,06-07-20,23:37:36,C. thous,1,
SG04-1,08-07-20,23:54:54,C. chinga,1,
SG04-1,15-07-20,06:05:24,L. gymnocercus,1,
SG04-1,19-07-20,07:47:36,L. gymnocercus,1,
SG04-1,20-07-20,07:10:52,L. wiedii,1,
SG04-1,20-07-20,17:44:45,L. wiedii,1,
SG04-1,23-07-20,06:27:17,L. geoffroyi,1,
SG04-3,06-07-20,15:14:14,L. europaeus,1,
SG04-3,08-07-20,08:21:00,L. europaeus,1,
SG04-3,17-07-20,02:52:56,L. geoffroyi,1,
SG04-3,17-07-20,23:35:27,D. novemcinctus,1,
SG04-3,22-07-20,17:59:23,L. europaeus,1,
SG03-1,04-07-20,03:56:49,C. thous,1,
SG03-1,05-07-20,23:44:50,C. thous,1,
SG03-1,07-07-20,08:12:24,L. europaeus,1,
SG03-1,10-07-20,08:46:50,L. europaeus,1,
SG03-1,10-07-20,17:18:59,L. europaeus,1,
SG03-1,10-07-20,21:08:14,C. thous,1,
SG03-1,12-07-20,06:45:18,M. gouazoubira,1,
SG03-1,12-07-20,19:21:05,D. novemcinctus,1,
SG03-1,16-07-20,18:17:54,L. europaeus,1,
SG03-1,17-07-20,05:08:59,C. thous,1,
SG03-1,17-07-20,21:23:20,D. novemcinctus,1,
SG03-1,30-07-20,13:36:19,A. axis,1,
SG03-1,30-07-20,16:02:31,A. axis,1,
SG03-1,02-08-20,04:52:12,L. geoffroyi,1,melánico
SG03-1,03-08-20,22:55:17,D. hybridus,1,
SG03-1,04-08-20,18:24:49,L. europaeus,1,
SG03-1,10-08-20,22:51:32,C. thous,1,
SG03-1,14-08-20,07:22:00,L. europaeus,1,
SG03-1,14-08-20,18:29:09,L. europaeus,1,
SG01-1,15-07-20,15:20:38,C. thous,1,
SG03-3,03-07-20,20:49:00,C. thous,1,
SG03-3,04-07-20,10:40:00,C. familiaris,1,
SG03-3,04-07-20,14:45:00,C. familiaris,1,
SG03-3,05-07-20,08:55:00,C. familiaris,1,
SG03-3,07-07-20,16:45:00,C. familiaris,1,
SG03-3,19-07-20,18:11:00,L. europaeus,1,
SG03-3,22-07-20,22:28:00,C. thous,1,
SG03-3,30-07-20,10:56:00,C. familiaris,1,
SG01-3,10-07-20,01:26:44,L. europaeus,1,
SG03-3,20-06-20,14:37:13,C. familiaris,1,"negro y blanco, pelo largo"
SG03-3,22-06-20,21:54:35,C. thous,1,
SG03-3,23-06-20,10:02:18,B. taurus,1,
SG03-3,23-06-20,11:43:54,B. taurus,1,
SG03-3,23-06-20,16:53:07,B. taurus,3,3 ind.
SG03-3,23-06-20,17:07:59,B. taurus,3,2 a 4 indiv (10 min)
SG03-3,23-06-20,18:20:57,B. taurus,2,2 indiv. (vaca + toro) (6 min)
LR01_1,13-11-20,21:33:00,D. novemcinctus,1,
LR01_1,14-11-20,01:01:00,D. novemcinctus,1,
LR01_1,14-11-20,01:06:00,D. novemcinctus,1,
LR01_1,14-11-20,19:48:00,C. chinga,1,4 mins. Entra y sale de cueva en el suelo
LR01_1,15-11-20,03:58:00,D. novemcinctus,1,
LR01_1,18-11-20,23:20:00,D. albiventris,1,oliendo cebo
LR01_1,19-11-20,00:51:00,D. albiventris,1,
LR01_1,20-11-20,23:44:00,L. geoffroyi,1,
LR01_1,21-11-20,15:20:00,L. gymnocercus,1,
LR01_1,22-11-20,07:32:00,C. familiaris,1,
LR01_1,22-11-20,07:50:00,L. gymnocercus,1,
LR01_1,23-11-20,06:02:00,L. gymnocercus,1,
LR01_1,23-11-20,18:38:00,L. geoffroyi,1,
LR01_1,24-11-20,23:17:00,D. albiventris,1,
LR01_1,25-11-20,00:14:00,D. novemcinctus,1,
LR01_1,25-11-20,10:56:00,L. gymnocercus,1,
LR01_1,25-11-20,16:22:00,A. axis,1,
LR01_1,26-11-20,16:17:00,L. gymnocercus,1,cola rara
LR01_1,28-11-20,14:04:00,L. gymnocercus,1,"Hembra con mamas inflamadas, flaca, recientemente parida. Ingresa por la izquierda, se echa frente a cámara y se va por trillo de la derecha. "
LR01_1,29-11-20,00:24:00,D. novemcinctus,1,
LR01_1,29-11-20,16:07:00,L. gymnocercus,1,
LR01_1,29-11-20,20:18:00,C. chinga,1,
LR01_1,29-11-20,20:39:00,E. sexcinctus,1,peludo
LR01_1,30-11-20,21:34:00,D. novemcinctus,1,
LR01_1,01-12-20,05:09:00,E. sexcinctus,1,
LR01_1,01-12-20,05:20:00,L. gymnocercus,1,
LR01_1,01-12-20,07:29:00,L. gymnocercus,1,Hembra madre con presa en la boca.
LR01_1,01-12-20,22:04:00,D. albiventris,1,huele mismo hoyo que olió el zorrillo
LR01_1,01-12-20,23:14:00,D. albiventris,1,"parece un ind distinto al anterior, es mas claro y menos peludo"
LR01_1,01-12-20,23:59:00,D. novemcinctus,1,
LR01_1,02-12-20,05:53:00,L. gymnocercus,1,
LR01_1,02-12-20,06:54:00,L. gymnocercus,1,
LR01_1,02-12-20,06:58:00,L. gymnocercus,1,"con presa en la boca, ¿nutria?"
LR01_1,02-12-20,20:08:00,C. chinga,1,
LR01_1,03-12-20,02:23:00,E. sexcinctus,1,
LR01_1,03-12-20,05:42:00,L. gymnocercus,1,
LR01_1,03-12-20,11:07:00,L. gymnocercus,1,cachorro
LR01_1,03-12-20,13:16:00,L. gymnocercus,1,adulto que se sienta frente a cámara
LR01_1,04-12-20,17:16:00,L. gymnocercus,1,cola rara
LR01_1,05-12-20,09:08:00,L. gymnocercus,1,cachorro
LR01_1,06-12-20,04:56:00,L. gymnocercus,1,
LR01_1,06-12-20,06:59:00,L. gymnocercus,1,Cola fina con presa en la boca.
LR01_1,06-12-20,07:00:00,L. gymnocercus,1,Adulto ¿hembra madre? con cachorro 
LR01_1,06-12-20,15:23:00,L. gymnocercus,1,cachorro
LR01_1,06-12-20,23:12:00,E. sexcinctus,1,
LR01_1,06-12-20,23:15:00,L. gymnocercus,1,hembra madre
LR01_1,07-12-20,02:26:00,C. chinga,1,
LR01_1,07-12-20,06:59:00,L. gymnocercus,1,hembra madre
LR01_1,07-12-20,09:03:00,L. gymnocercus,1,cachorro
LR01_1,07-12-20,13:29:00,L. gymnocercus,1,cachorro
LR01_1,08-12-20,01:54:00,L. gymnocercus,1,cola fina
LR01_1,08-12-20,05:46:00,L. gymnocercus,1,¿cola fina?
LR01_1,08-12-20,06:20:00,L. gymnocercus,1,cola fina
LR01_1,08-12-20,06:23:00,C. chinga,1,
LR01_1,08-12-20,06:37:00,L. gymnocercus,1,Cola fina con presa en la boca.
LR01_1,08-12-20,06:42:00,L. gymnocercus,1,"cola fina, va y viene. 5 min"
LR01_1,08-12-20,10:24:00,L. gymnocercus,1,cachorro
LR01_1,08-12-20,14:40:00,L. gymnocercus,2,"cachorro y adulto. Primero cachorro solo, luego ingresa adulto y se sientan frente a cámara. 3 min"
LR01_1,08-12-20,22:21:00,L. gymnocercus,1,cola fina
LR01_1,09-12-20,00:01:00,E. sexcinctus,1,
LR01_1,09-12-20,05:43:00,L. gymnocercus,1,cola fina
LR01_1,10-12-20,00:38:00,E. sexcinctus,1,
LR01_1,10-12-20,03:04:00,L. gymnocercus,1,
LR01_1,10-12-20,04:35:00,D. novemcinctus,1,
LR01_1,10-12-20,06:24:00,L. gymnocercus,1,cola rara
LR01_1,10-12-20,07:34:00,L. gymnocercus,1,cachorro punta de cola negra
LR01_1,10-12-20,07:57:00,L. gymnocercus,1,cachorro cola negra
LR01_1,10-12-20,16:36:00,L. gymnocercus,1,cachorro punta de cola negra
LR01_1,10-12-20,16:39:00,L. gymnocercus,3,"3 ind, madre con mamas inflamadas con los 2 cachorros. Por estas fotos, se obs que ""cola fina"" es la madre"
LR01_1,10-12-20,19:21:00,L. gymnocercus,1,cachorro
LR01_1,10-12-20,20:10:00,L. gymnocercus,1,
LR01_1,11-12-20,00:21:00,L. gymnocercus,1,
LR01_1,11-12-20,01:01:00,L. gymnocercus,1,
LR01_1,11-12-20,06:25:00,L. gymnocercus,3,"3 ind, 2 adultos y un cachorro"
LR01_1,11-12-20,06:30:00,L. gymnocercus,1,hembra madre se sienta frente a cámara
LR01_1,11-12-20,07:07:00,L. gymnocercus,1,F. rufus
LR01_1,11-12-20,07:09:00,L. gymnocercus,1,cachorro cola negra
LR01_1,11-12-20,17:11:00,L. gymnocercus,1,cachorro cola negra
LR01_1,11-12-20,23:48:00,L. gymnocercus,1,
LR01_1,12-12-20,08:27:00,L. gymnocercus,3,"3 ind, madre con los 2 cachorros"
LR01_1,12-12-20,09:02:00,L. gymnocercus,1,cachorro punta de cola negra
LR01_1,12-12-20,13:03:00,L. gymnocercus,1,cola fina
LR01_1,12-12-20,18:52:00,L. gymnocercus,1,cachorro cola negra
LR01_1,12-12-20,20:38:00,C. chinga,1,
LR01_1,12-12-20,21:20:00,L. gymnocercus,1,con presa en la boca
LR01_1,12-12-20,21:54:00,L. gymnocercus,1,
LR01_1,13-12-20,02:53:00,L. gymnocercus,1,con presa en la boca
LR01_1,13-12-20, 6:19,L. gymnocercus,2,adulto y cachorro cola negra
LR01_1,13-12-20,08:01:00,L. gymnocercus,2,cachorro cola negra investigando el lugar
LR01_1,13-12-20,20:06:00,L. gymnocercus,1,
LR01_1,14-12-20,07:44:00,L. gymnocercus,1,cachorro cola negra
LR01_1,14-12-20,08:20:00,L. gymnocercus,1,cachorro punta de cola negra
LR01_1,15-12-20,06:49:00,L. gymnocercus,1,
LR01_1,15-12-20,08:07:00,L. gymnocercus,1,cachorro punta de cola negra
LR01_1,15-12-20,09:01:00,L. gymnocercus,1,cachorro
LR01_1,16-12-20,08:30:00,L. gymnocercus,1,cachorro
LR01_1,16-12-20,08:37:00,L. gymnocercus,3,3 ind. 4 mins. Pasa hembra con mamas inflamadas y luego otro ind. Éste se sienta y viene cachorro cola negra
LR01_1,16-12-20,12:19:00,L. gymnocercus,1,cachorro punta de cola negra
LR01_1,16-12-20,17:17:00,L. gymnocercus,1,cola fina
LR01_1,16-12-20,20:23:00,C. chinga,1,
LR01_1,17-12-20,04:57:00,C. thous,1,
LR01_1,17-12-20,08:39:00,L. gymnocercus,1,cachorro punta de cola negra
LR01_1,17-12-20,14:23:00,L. gymnocercus,1,cachorro punta de cola negra
LR01_1,17-12-20,18:38:00,L. gymnocercus,1,
LR01_1,17-12-20,19:35:00,L. gymnocercus,1,
LR01_1,17-12-20,20:00:00,L. gymnocercus,1,cachorro punta de cola negra
LR01_1,17-12-20,21:08:00,L. gymnocercus,1,
LR01_1,18-12-20,02:11:00,L. gymnocercus,1,cola fina
LR01_1,18-12-20,02:34:00,L. gymnocercus,1,cola fina
LR01_1,18-12-20,02:54:00,L. gymnocercus,1,Cola fina con presa en la boca.
LR01_1,18-12-20,03:10:00,L. gymnocercus,1,
LR01_1,18-12-20,07:50:00,L. gymnocercus,1,Cachorro punta de cola negra
LR01_1,18-12-20,17:25:00,L. gymnocercus,1,cachorro punta de cola negra
LR01_1,18-12-20,20:17:00,C. chinga,1,husmeando hoyo
LR01_1,19-12-20,06:11:00,L. gymnocercus,1,cachorro punta de cola negra
LR01_1,19-12-20,06:46:00,L. gymnocercus,1,pasa para la derecha y luego para la izquierda
LR01_2,15-11-20,01:33:00,D. albiventris,1,
LR01_2,15-11-20,01:46:00,D. albiventris,1,
LR01_2,15-11-20,07:35:00,C. chinga,1,
LR01_2,16-11-20,22:38:00,D. albiventris,1,
LR01_2,17-11-20,03:12:00,A. axis,2,
LR01_2,17-11-20,04:34:00,D. novemcinctus,1,
LR01_2,17-11-20,04:51:00,C. chinga,1,
LR01_2,17-11-20,21:53:00,D. albiventris,1,
LR01_2,17-11-20,22:38:00,D. hybridus,1,
LR01_2,17-11-20,23:38:00,D. hybridus,1,
LR01_2,18-11-20,03:28:00,D. hybridus,1,
LR01_2,18-11-20,15:23:00,L. gymnocercus,1,
LR01_2,18-11-20,20:59:00,D. hybridus,1,
LR01_2,18-11-20,21:54:00,D. albiventris,1,
LR01_2,19-11-20,02:27:00,D. hybridus,1,
LR01_2,19-11-20,05:03:00,D. novemcinctus,1,
LR01_2,19-11-20,20:50:00,D. hybridus,1,
LR01_2,19-11-20,22:43:00,E. sexcinctus,1,
LR01_2,20-11-20,21:24:00,D. albiventris,1,
LR01_2,20-11-20,21:43:00,D. hybridus,2,
LR01_2,21-11-20,00:51:00,D. hybridus,1,
LR01_2,21-11-20,03:28:00,D. hybridus,2,
LR01_2,21-11-20,03:55:00,C. chinga,1,
LR01_2,21-11-20,05:23:00,D. hybridus,1,
LR01_2,22-11-20,19:14:00,L. gymnocercus,1,
LR01_2,22-11-20,23:01:00,D. hybridus,1,
LR01_2,24-11-20,04:34:00,C. chinga,1,
LR01_2,24-11-20,04:49:00,D. novemcinctus,1,
LR01_2,24-11-20,23:17:00,D. hybridus,1,
LR01_2,25-11-20,04:09:00,D. hybridus,1,¿juvenil?
LR01_2,25-11-20,09:54:00,D. novemcinctus,1,
LR01_2,25-11-20,10:51:00,D. hybridus,1,
LR01_2,25-11-20,18:15:00,L. gymnocercus,1,
LR01_2,26-11-20,10:03:00,D. hybridus,1,
LR01_2,27-11-20,04:35:00,C. thous,1,por patas bien negras atrás y porque me parece que la cola tiene bastante volumen
LR01_2,27-11-20,15:05:00,D. hybridus,1,
LR01_2,28-11-20,19:13:00,A. axis,1,
LR01_2,29-11-20,21:06:00,L. geoffroyi,1,"80% que es, pero esta lejos y se ve borroso con zoom"
LR01_2,30-11-20,00:16:00,E. sexcinctus,1,
LR01_2,30-11-20,01:40:00,E. sexcinctus,1,
LR01_2,30-11-20,17:00:00,C. thous,1,orinando
LR01_2,30-11-20,20:34:00,C. chinga,1,
LR01_2,01-12-20,02:34:00,D. novemcinctus,2,
LR01_2,01-12-20,04:48:00,C. chinga,1,
LR01_2,01-12-20,19:18:00,C. chinga,1,
LR01_2,02-12-20,16:40:00,D. hybridus,1,husmeando hoyo
LR01_2,02-12-20,19:48:00,C. chinga,1,
LR01_2,03-12-20,04:25:00,C. chinga,1,
LR01_2,03-12-20,04:27:00,E. sexcinctus,1,
LR01_2,03-12-20,04:59:00,C. chinga,1,
LR01_2,03-12-20,19:10:00,C. chinga,1,
LR01_2,04-12-20,00:22:00,D. hybridus,1,"juvenil, cerca del hoyo ¿cueva?"
LR01_2,04-12-20,03:01:00,D. novemcinctus,1,
LR01_2,04-12-20,15:48:00,L. gymnocercus,1,
LR01_2,04-12-20,19:25:00,L. gymnocercus,1,en el fondo se obs un animal desplazandose ¿zorillo?
LR01_2,04-12-20,23:29:00,D. albiventris,1,
LR01_2,05-12-20,16:39:00,D. hybridus,1,
LR01_2,05-12-20,18:06:00,C. chinga,1,
LR01_2,05-12-20,20:33:00,D. novemcinctus,1,
LR01_2,06-12-20,00:20:00,D. hybridus,1,"juvenil, cerca del hoyo ¿cueva?"
LR01_2,06-12-20,18:42:00,D. hybridus,1,
LR01_2,06-12-20,21:08:00,D. albiventris,1,husmeando hoyo
LR01_2,07-12-20,17:09:00,L. gymnocercus,1,
LR01_2,07-12-20,17:40:00,D. hybridus,1,
LR01_2,07-12-20,20:04:00,C. chinga,1,
LR01_2,07-12-20,21:25:00,C. chinga,1,
LR01_2,08-12-20,05:36:00,L. gymnocercus,1,con algo en la boca
LR01_2,08-12-20,09:51:00,C. chinga,1,
LR01_2,08-12-20,23:04:00,D. hybridus,1,juvenil
LR01_2,08-12-20,23:59:00,D. hybridus,1,"juvenil, cerca del hoyo ¿cueva?"
LR01_2,09-12-20,02:20:00,D. hybridus,1,juvenil
LR01_2,09-12-20,04:43:00,C. chinga,1,
LR01_2,10-12-20,04:36:00,D. hybridus,1,
LR01_2,10-12-20,05:21:00,C. chinga,1,
LR01_2,10-12-20,05:34:00,E. sexcinctus,1,
LR01_2,10-12-20,18:17:00,L. gymnocercus,1,orinando
LR01_2,10-12-20,19:54:00,C. chinga,1,
LR01_2,11-12-20,00:02:00,D. albiventris,1,
LR01_2,11-12-20,04:59:00,C. chinga,1,
LR01_2,12-12-20,02:51:00,C. chinga,1,
LR01_2,12-12-20,07:38:00,C. familiaris,1,
LR01_2,12-12-20,20:01:00,C. chinga,1,
LR01_2,13-12-20,23:55:00,D. albiventris,1,
LR01_2,14-12-20,02:38:00,D. hybridus,1,
LR01_2,14-12-20,03:51:00,C. chinga,1,
LR01_2,16-12-20,05:48:00,C. chinga,1,
LR01_2,17-12-20,16:25:00,C. familiaris,1,acompañando al peón
LR01_2,17-12-20,20:04:00,C. chinga,1,
LR01_2,17-12-20,22:02:00,C. chinga,1,
LR01_2,17-12-20,23:22:00,C. chinga,1,¿juvenil? Porque no tiene lineas blancas
LR01_2,18-12-20,05:06:00,L. geoffroyi,1,
LR01_2,18-12-20,11:45:00,L. geoffroyi,1,
LR01_2,18-12-20,22:18:00,D. albiventris,1,husmeando hoyo
LR01_2,18-12-20,22:20:00,L. geoffroyi,1,husmeando cerca del hoyo
LR01_2,19-12-20,02:35:00,C. chinga,1,¿juvenil? Porque no tiene lineas blancas
LR01_2,19-12-20,02:41:00,C. chinga,1,¿juvenil? Porque no tiene lineas blancas
LR01_2,19-12-20,02:41:00,P. cancrivorus,1,
LR01_3,15-11-20,16:55:00,L. gymnocercus,1,Buscando cebo y llevandoselo. También ave no id
LR01_3,04-12-20,03:17:00,C. thous,1,
LR01_3,07-12-20,20:22:00,L. gymnocercus,1,
LR01_3,08-12-20,02:09:00,L. gymnocercus,1,
LR01_3,09-12-20,20:01:00,L. gymnocercus,1,
LR01_3,14-12-20,23:16:00,L. gymnocercus,1,
LR01_3,16-12-20,01:38:00,D. hybridus,1,
LR01_3,16-12-20,06:49:00,L. gymnocercus,1,
LG06_1,24-09-20,13:31:46,L. gymnocercus,1,
LG06_1,25-09-20,08:39:20,A. axis,4,"4 indiv., todos sin hastas, uno parece cervatillo grande"
LG06_1,25-09-20,10:55:57,L. gymnocercus,1,(30 min)
LG06_1,25-09-20,12:23:39,L. gymnocercus,1,
LG06_1,25-09-20,12:41:28,L. gymnocercus,1,
LG06_1,25-09-20,14:07:36,L. gymnocercus,1,
LG06_1,25-09-20,15:18:31,L. gymnocercus,1,(4min)
LG06_1,25-09-20,16:01:15,L. gymnocercus,1,
LG06_1,25-09-20,16:19:13,L. gymnocercus,1,
LG06_1,26-09-20,02:38:59,L. gymnocercus,1,
LG06_1,27-09-20,01:50:05,A. axis,1,sin hastas
LG06_1,28-09-20,00:20:33,D. novemcinctus,1,
LG06_1,28-09-20,05:03:16,L. gymnocercus,1,
LG06_1,28-09-20,06:29:26,L. gymnocercus,1,
LG06_1,28-09-20,09:06:25,L. gymnocercus,1,
LG06_1,28-09-20,22:01:14,A. axis,2,"2 indiv. sin hastas, hembra + cervato?"
LG06_1,28-09-20,22:08:54,A. axis,2,"2 indiv, aparentemente ambos sin hastas, distintos a los anteriores"
LG06_1,29-09-20,08:36:30,L. gymnocercus,1,
LG06_1,29-09-20,10:18:12,L. gymnocercus,1,
LG06_1,29-09-20,10:18:12,A. axis,1,sin hastas
LG06_1,29-09-20,10:19:43,A. axis,1,hembra + cervato
LG06_1,29-09-20,10:25:22,A. axis,1,
LG06_1,30-09-20,09:00:58,L. gymnocercus,2,2 indiv.
LG06_1,01-10-20,10:25:37,L. gymnocercus,1,
LG06_1,01-10-20,10:52:59,A. axis,1,hastas cortas con terciopelo
LG06_1,01-10-20,11:01:01,A. axis,2,"2 indiv, uno hastas cortas-medias con terciopelo 2 ptas, otro hastas medias con terciopelo 3 ptas (una pta muy corta)"
LG06_1,01-10-20,15:07:22,A. axis,2,"2 indiv, sin hastas"
LG06_1,02-10-20,06:20:45,A. axis,1,
LG06_1,02-10-20,17:55:59,L. gymnocercus,1,
LG06_1,03-10-20,12:33:56,L. gymnocercus,1,
LG06_1,04-10-20,08:48:54,L. gymnocercus,1,
LG06_1,04-10-20,14:34:14,E. caballus,1,blanco
LG06_1,05-10-20,00:59:59,E. caballus,1,blanco
LG06_1,06-10-20,17:19:42,A. axis,1,"hastas muy pequeñas, con terciopelo, apenas brotando"
LG06_1,06-10-20,17:22:14,A. axis,1,mismo aterior?
LG06_1,06-10-20,17:31:13,L. gymnocercus,1,
LG06_1,07-10-20,06:11:12,A. axis,1,no queda claro si son dos indiv sin hastas o sólo uno
LG06_1,07-10-20,21:11:45,L. gymnocercus,1,
LG06_1,08-10-20,11:20:47,E. caballus,1,blanco
LG06_1,08-10-20,16:45:48,E. caballus,1,blanco (en 349 aparece hornero? en el árbol)
LG06_1,09-10-20,05:01:13,A. axis,1,sin hastas
LG06_1,09-10-20,05:15:25,A. axis,1,sin hastas (foto algo lejana y borrosa)
LG06_1,09-10-20,13:37:16,L. gymnocercus,1,
LG06_1,09-10-20,19:35:28,C. chinga,1,"franjas blancas muy pequeñas, caso totalmente negro"
LG06_1,09-10-20,19:39:31,L. geoffroyi,1,
LG06_1,10-10-20,20:22:23,A. axis,2,(7 min) al menos 2 indiv sin hastas
LG06_1,10-10-20,20:32:52,A. axis,1,hastas de tamaño medio 1 pta
LG06_1,10-10-20,20:46:46,A. axis,4,"(3min) al menos 4 indiv sin hastas, 1 indiv hastas tamaño medio 1 pta"
LG06_1,10-10-20,21:08:18,A. axis,1,(9 min) mismos del caso anteior
LG06_1,11-10-20,06:44:42,A. axis,2,2 indiv sin hastas
LG06_1,11-10-20,11:51:09,G. cuja,1,
LG06_1,12-10-20,09:10:52,G. cuja,1,
LG06_1,12-10-20,21:50:55,D. hybridus,1,7 bandas
LG06_1,12-10-20,22:53:42,D. novemcinctus,1,"9 bandas, parece algo más grande que el anterior... pero dificil diferencias salvo por el número de bandas contadas en las fotos adecuadas (serán lo msmo?)"
LG06_1,13-10-20,12:25:46,L. gymnocercus,1,
LG06_1,13-10-20,20:33:01,D. hybridus,1,"pequeño similar al D. h. anterior, no se ven bien las bandas"
LG06_1,14-10-20,08:07:47,A. axis,1,sin hastas
LG06_1,14-10-20,08:12:03,A. axis,2,(14 mn) 2 indiv sin hastas
LG06_1,14-10-20,08:51:07,A. axis,1,
LG06_1,14-10-20,11:20:40,A. axis,1,
LG06_1,14-10-20,11:28:44,A. axis,4,"(4 min) 4 o 5 indiv sin hastas, uno posiblemente cervato grande"
LG06_1,14-10-20,11:46:21,A. axis,2,2 indiv sin hastas
LG06_1,14-10-20,19:02:22,B. taurus,1,(3 min)
LG06_1,14-10-20,22:32:47,C. chinga,1,
LG06_1,15-10-20,03:12:45,E. caballus,1,blanco
LG06_1,15-10-20,05:19:55,B. taurus,1,
LG06_1,15-10-20,08:04:13,A. axis,1,Hastas grandes 3 o 4 ptas
LG06_1,15-10-20,10:51:33,A. axis,3,2 o 3 indiv sin hastas + 1 cervato
LG06_1,15-10-20,13:53:06,L. gymnocercus,1,lleva algo no identif en la boca
LG06_1,15-10-20,14:34:42,L. gymnocercus,1,
LG06_1,15-10-20,15:59:46,L. gymnocercus,1,
LG06_1,15-10-20,17:53:51,B. taurus,4,(13 min) al menos 4 indiv
LG06_1,16-10-20,00:05:11,P. cancrivorus,1,
LG06_1,16-10-20,07:08:47,A. axis,1,sin hastas
LG06_1,16-10-20,08:19:40,A. axis,1,cervato?
LG06_1,16-10-20,08:27:34,A. axis,3,"(5 min) 3 indiv, 2 adultos sin hastas (hembra) y un cervato"
LG06_1,16-10-20,16:24:16,B. taurus,4,(4 min) 3 o 4 indiv
LG06_1,16-10-20,18:04:58,B. taurus,3,(8 min) 3 indiv
LG06_1,17-10-20,05:27:04,L. gymnocercus,1,
LG06_1,18-10-20,06:05:20,A. axis,2,(3 min) 2 indiv sin hastas
LG06_1,18-10-20,06:24:25,A. axis,1,sin hastas
LG06_1,19-10-20,07:06:35,L. gymnocercus,2,"2 indiv, uno hocico más negro y otro más blanco"
LG06_1,19-10-20,19:19:58,B. taurus,1,(3 min)
LG06_1,20-10-20,14:31:17,B. taurus,2,(20 min) 2 indiv
LG06_1,20-10-20,23:05:51,P. cancrivorus,1,
LG06_1,21-10-20,00.44:05,B. taurus,1,
LG06_1,21-10-20,05:35:25,A. axis,1,sin hastas
LG06_1,21-10-20,06:04:20,A. axis,4,"(6 min) 4 indiv sin hastas, 1 indiv con hastas mediana-grande 2 ptas con terciopelo"
LG06_1,21-10-20,06:16:00,A. axis,1,sin hastas
LG06_1,21-10-20,06:32:59,A. axis,3,3 indiv (un cervato?)
LG06_1,21-10-20,08:25:25,B. taurus,1,(3 min)
LG06_1,21-10-20,08:30:50,B. taurus,3,(6 min) 3 indiv
LG06_1,21-10-20,09:48:02,L. gymnocercus,1,
LG06_1,21-10-20,09:58:37,L. gymnocercus,1,
LG06_1,21-10-20,18:05:06,B. taurus,1,(3 min)
LG06_1,21-10-20,22:39:41,D. novemcinctus,1,"8-9 bandas, grande, cola con anillos bien claros sobre fondo oscuro"
LG06_1,21-10-20,23:42:31,B. taurus,1,
LG06_1,22-10-20,02:32:14,A. axis,3,3 indiv sin hastas
LG06_1,22-10-20,02:47:30,A. axis,3,3 indiv sin hastas (un cervato?)
LG06_1,22-10-20,02:58:18,A. axis,2,2 indiv sin hastas
LG06_1,22-10-20,14:46:00,A. axis,1,"hastas muy grandes, 3 o 4 ptas, sin terciopelo"
LG06_1,22-10-20,15:19:05,A. axis,1,hastas medianas-grandes 3 ptas con terciopelo
LG06_1,22-10-20,15:24:47,A. axis,1,mismo anterior
LG06_1,22-10-20,19:39:03,E. caballus,1,claro 
LG06_1,22-10-20,20:45:23,L. geoffroyi,1,
LG06_1,22-10-20,21:10:35,A. axis,1,sin hastas
LG06_1,22-10-20,23:42:04,D. novemcinctus,1,"8 bandas, grande, cola bicolor"
LG06_1,23-10-20,05:43:25,A. axis,1,sin hastas
LG06_1,23-10-20,18:55:18,A. axis,2,"2 indiv, uno sin hastas,uno con hastas muy grandes sin terciopelo 3-4 ptas."
LG06_1,23-10-20,19:11:47,D. hybridus,1,"pequeño, todo oscuro (foto movida, no se ven bandas)"
LG06_1,24-10-20,18:44:14,L. gymnocercus,1,
LG06_1,25-10-20,19:36:45,D. hybridus,1,"pequeño, todo oscuro (foto movida, no se ven bandas), color parejo en cola"
LG06_1,25-10-20,20:22:18,D. hybridus,1,"7-8 bandas?, cola bicolor o pareja?, tamaño chico"
LG06_1,26-10-20,02:34:31,P. cancrivorus,1,
LG06_1,26-10-20,18:46:59,L. gymnocercus,1,
LG06_1,26-10-20,20:18:23,D. hybridus,1,pequeño obscuro
LG06_1,27-10-20,06:33:30,A. axis,1,
LG06_1,27-10-20,12:34:21,L. gymnocercus,1,
LG06_1,28-10-20,00:57:54,P. cancrivorus,1,
LG06_1,28-10-20,23:23:43,E. sexcinctus,1,
LG06_1,29-10-20,08:05:53,L. gymnocercus,1,
LG06_1,29-10-20,08:23:12,A. axis,4,"4 indiv. dos adultos sin hastas, un adulto con o sin hastas (mucho reflejo no se ve), un cervato"
LG06_1,29-10-20,12:16:06,A. axis,2,"2 indiv, uno con hasta mediana c terciopelo 2 ptas, otro con hasta mediana sin terciopelo 2 ptas"
LG06_1,24-09-20,16:07:00,L. gymnocercus,1,
LG06_1,28-09-20,17:37:00,L. gymnocercus,1,
LG06_1,30-09-20,19:39:00,L. gymnocercus,1,
LG06_1,30-09-20,19:57:00,A. axis,2,(11 min) 2 indiv sin hastas
LG06_1,01-10-20,02:03:00,A. axis,1,sin hastas
LG06_1,01-10-20,07:05:00,A. axis,1,con hastas medias-grandes 3 ptas
LG06_1,02-10-20,01:16:00,A. axis,2,"2 indiv., uno sin hastas, uno hastas cortas 1 pta sin terciopelo"
LG06_1,03-10-20,06:07:00,L. gymnocercus,1,
LG06_1,04-10-20,05:23:00,A. axis,3,"3 indiv, al fondo, foto oscura (no llega el flash), pasa uno, luego otros dos, detectado por brillo de ojos"
LG06_1,07-10-20,19:36:00,B. taurus,1,sólo parte de la cabeza
LG06_1,07-10-20,20:40:00,B. taurus,1,
LG06_1,07-10-20,23:59:00,B. taurus,1,(5 min) 
LG06_1,08-10-20,00:42:00,B. taurus,2,2 indiv
LG06_1,08-10-20,05:53:00,B. taurus,7,7 indiv (algunos fuera del rango de detección)
LG06_1,08-10-20,08:10:00,B. taurus,10,> 10 indiv (algunos fuera del rango de detecc.)
LG06_1,08-10-20,08:22:00,B. taurus,20,(6 min) ca. 20 indiv (algunos fuera del rango de detecc.)
LG06_1,08-10-20,09:35:00,B. taurus,10,> 10 indiv (algunos fuera del rango de detecc.)
LG06_1,08-10-20,11:35:00,B. taurus,10,ca. 10 (algunos fuera del rango de detecc.)
LG06_1,08-10-20,11:42:00,B. taurus,8,ca. 8 (prob todos fuera del rango de detecc.)
LG06_1,08-10-20,12:13:00,B. taurus,10,ca. 10 (prob. todos fuera del rango de detecc.)
LG06_1,08-10-20,12:35:00,B. taurus,7,(4 min) 7 indiv (algunos fuera del rango de detección)
LG06_1,08-10-20,13:59:00,B. taurus,1,
LG06_1,08-10-20,14:21:00,B. taurus,2,2 indiv (fuera del rango de detección)
LG06_1,08-10-20,15:05:00,B. taurus,7,(5 min) 7 indiv (algunos fuera del rango de detección)
LG06_1,08-10-20,16:18:00,B. taurus,4,"(8 min) 4 indiv (3 fuera del rango de detección), la estaca se mueve empujada por una vaca y queda torcida"
LG06_1,08-10-20,16:44:00,B. taurus,9,(24 min) 9 indiv (algunos fuera de rango)
LG06_1,08-10-20,18:07:00,B. taurus,1,
LG06_1,08-10-20,18:46:00,B. taurus,8,"8 indiv (7 fuera de rango), la estaca cae empujada nuevamente por una vaca, primero  queda mirando inclinada hacia abajo, se reduce campo de observación al mínimo"
LG06_3,02-10-20,06:22:00,B. taurus,5,"(9 min) ca. 5 indiv fuera de rango, atrás de tajamar"
LG06_3,02-10-20,12:08:00,B. taurus,6,"(10 min) ca. 6 indiv fuera de rango, atrás de tajamar"
LG06_3,02-10-20,13:20:00,B. taurus,2,"2 indiv fuera de rango, atrás tajamar"
LG06_3,02-10-20,17:56:00,B. taurus,3,"3 indiv fuera de rango, atrás tajamar"
LG06_3,03-10-20,06:50:00,B. taurus,3,"3 indiv fuera de rango, atrás tajamar"
LG06_3,03-10-20,10:35:00,B. taurus,5,"5 indiv fuera de rango, atrás tajamar"
LG06_3,03-10-20,18:18:00,B. taurus,5,"5 indiv, uno en el rango de la cámara, 4 fuera del otro lado del tajamar"
LG06_3,04-10-20,09:58:00,B. taurus,1,"un indiv muy lejos, fuera de rango tras tajamar"
LG06_3,04-10-20,10:26:00,B. taurus,1,"un indiv muy lejos, fuera de rango tras tajamar"
LG06_3,04-10-20,15:06:00,B. taurus,5,"(15 min) 5 indiv fuera de rango, atrás tajamar"
LG06_3,04-10-20,17:17:00,B. taurus,10,"ca 10 indiv fuera de rango, atrás tajamar"
LG06_3,05-10-20,11:27:00,B. taurus,2,"(11 min) 2 indiv fuera de rango, atrás tajamar"
LG06_3,05-10-20,15:36:00,B. taurus,9,"9 indiv fuera de rango, atrás tajamar"
LG06_3,06-10-20,10:53:00,B. taurus,6,"6 indiv fuera de rango, atrás tajamar"
LG06_3,06-10-20,17:52:00,B. taurus,5,"5 indiv fuera de rango, atrás tajamar, muy lejos"
LG06_3,07-10-20,08:15:00,B. taurus,4,"Vaca: 4 indiv fuera de rango, atrás tajamar; "
LG06_3,09-10-20,17:01:00,B. taurus,4,"(16 min) 4 indiv fuera de rango, atrás tajamar, muy lejos"
LG06_3,09-10-20,17:48:00,B. taurus,4,"(36 min) 4 indiv fuera de rango, atrás tajamar, muy lejos"
LG06_3,18-10-20,04:59:00,A. axis,1,sin hastas
LG06_3,20-10-20,14:45:00,H. hydrochaeris,1,
LG06_3,22-10-20,13:26:00,H. hydrochaeris,1,
LG06_3,23-10-20,03:37:00,H. hydrochaeris,1,
